date,topic,news_volume,avg_sentiment,median_sentiment,sentiment_std,max_sentiment,min_sentiment,avg_prob_positive,avg_prob_negative,avg_prob_neutral,sentiment_volume_weighted
2024-04-01,oil,1,0.9882989301035985,0.9882989301035985,0.0,0.9882989301035985,0.9882989301035985,0.9941341280937195,0.0019446202786639333,0.003921204246580601,0.6850366169517197
2024-04-02,gold,1,0.9685061167107427,0.9685061167107427,0.0,0.9685061167107427,0.9685061167107427,0.9841280579566956,0.001369917648844421,0.014502066187560558,0.6713172841531126
2024-04-02,oil,1,0.9937943889670444,0.9937943889670444,0.0,0.9937943889670444,0.9937943889670444,0.9968928098678589,0.0009323222911916673,0.002174884080886841,0.6888457787688005
2024-04-03,gold,2,0.49388025783384626,0.49388025783384626,0.6984290244323449,0.9877441571874622,1.6358480230276723e-05,0.49898620368912816,0.0012353422644082457,0.4997784800361842,0.542582920386838
2024-04-03,oil,2,-0.01607850622324003,-0.01607850622324003,1.222357787567761,0.848258974402109,-0.880415986848589,0.46180206967983395,0.4820974599570036,0.056100478395819664,-0.017664044520278175
2024-04-04,gold,1,0.9902324723094659,0.9902324723094659,0.0,0.9902324723094659,0.9902324723094659,0.9951051473617554,0.0013616846408694983,0.0035330953542143106,0.6863768462802103
2024-04-04,oil,3,0.3296628173438481,0.9913286712367028,1.1495428366131588,0.9953726423919388,-0.9977128615970973,0.6645458327548113,0.33342154081522796,0.002032651857007295,0.4570097047546731
2024-04-05,gold,2,-0.8897245405081736,-0.8897245405081736,0.042363119275595607,-0.8597692915961854,-0.9196797894201618,0.015016959048807621,0.9432608485221863,0.04172216169536114,-0.977462313731867
2024-04-05,oil,3,0.36248688554847225,0.974450531728576,1.072163649907961,0.9885245171906835,-0.8755143922738426,0.6648354359592,0.31327096729849774,0.021893578271071117,0.5025135254157582
2024-04-07,gold,1,1.7557025313820127e-05,1.7557025313820127e-05,0.0,1.7557025313820127e-05,1.7557025313820127e-05,0.004193202126771212,0.00016064677038230002,0.9956461787223816,1.216960259529401e-05
2024-04-07,oil,2,0.9827096982922934,0.9827096982922934,0.001857333508951074,0.9840230314113977,0.9813963651731891,0.9913173615932465,0.0008398624486289918,0.007842801976948977,1.0796169507372442
2024-04-08,gold,3,0.4161269582756,0.9959533798143069,1.0044168832899116,0.9961012494868379,-0.7436737544743448,0.7008184442917506,0.2899380692882308,0.00924347119871527,0.5768744557674362
2024-04-08,oil,2,0.015399073733368074,0.015399073733368074,1.3847933355431337,0.9945958318378559,-0.9637976843711198,0.5001838671742007,0.4912820004101377,0.008534126041922718,0.016917611637584474
2024-04-09,gold,1,0.9869743950526161,0.9869743950526161,0.0,0.9869743950526161,0.9869743950526161,0.9934667944908142,0.0013250563060864806,0.005208271089941263,0.6841185192155784
2024-04-09,oil,2,-0.5309321850809927,-0.5309321850809927,0.3451233248455937,-0.28689314173702574,-0.7749712284249598,0.01937743928283453,0.7082434892654419,0.2723790854215622,-0.5832886229793899
2024-04-10,gold,1,0.9655671127042872,0.9655671127042872,0.0,0.9655671127042872,0.9655671127042872,0.9826332330703735,0.0009606410749256611,0.016406161710619926,0.6692801218123836
2024-04-10,oil,1,0.9932084041863565,0.9932084041863565,0.0,0.9932084041863565,0.9932084041863565,0.9965986609458923,0.0006090339156799018,0.00279242149554193,0.6884396050702155
2024-04-11,gold,1,0.8165591762291712,0.8165591762291712,0.0,0.8165591762291712,0.8165591762291712,0.9043943881988525,0.03701365366578102,0.05859198421239853,0.5659956907636015
2024-04-11,oil,2,-0.008160967867580953,-0.008160967867580953,0.011829470353014283,0.000203730836880669,-0.016525666572042574,0.026173606514930725,0.0671317050801008,0.9066946804523468,-0.008965739586750015
2024-04-12,gold,2,0.9956359311345246,0.9956359311345246,0.0002601219918750857,0.9958198651589152,0.995451997110134,0.9978161156177521,0.0008692080446053296,0.0013147419958841056,1.0938178689839047
2024-04-12,oil,2,-0.13608804346561337,-0.13608804346561337,1.2174498009691663,0.7247789665538967,-0.9969550534851235,0.4262516678572865,0.5180100575089455,0.055738308816216886,-0.1495079968921227
2024-04-14,oil,3,0.33827588349252863,0.8824820642611063,1.0356928598485053,0.9884197364759771,-0.8560741502594974,0.6469831272649268,0.3089215829386376,0.044095277320593596,0.4689499497885415
2024-04-15,gold,3,0.5057067146001506,0.3855751443488284,0.4430060800549436,0.9963891405298577,0.13515585892176557,0.6622642874717712,0.0021322584555794797,0.33560342392108095,0.7010583668306546
2024-04-15,oil,3,-0.6607022014984607,-0.9884464172714837,0.5722454599442945,6.291619735754317e-05,-0.9937231034212558,0.0032345693616662174,0.6641646306961775,0.3326007582557698,-0.9159277363168138
2024-04-16,gas,1,0.9969910574022927,0.9969910574022927,0.0,0.9969910574022927,0.9969910574022927,0.9984943866729736,0.0002989571075886488,0.001206549466587603,0.6910615404818777
2024-04-16,gold,1,0.9946680964567249,0.9946680964567249,0.0,0.9946680964567249,0.9946680964567249,0.9973307847976685,0.0007568664732389152,0.0019123738165944815,0.6894513866519066
2024-04-16,oil,2,-0.9716221085541661,-0.9716221085541661,0.030548972179053346,-0.9500207231680783,-0.9932234939402539,0.0021400199620984495,0.9856514632701874,0.012208547443151474,-1.067435988399227
2024-04-17,gold,1,-0.2276090945871223,-0.2276090945871223,0.0,-0.2276090945871223,-0.2276090945871223,0.339833527803421,0.5857439041137695,0.07442256808280945,-0.15776660218286573
2024-04-17,oil,1,-0.9926925899475666,-0.9926925899475666,0.0,-0.9926925899475666,-0.9926925899475666,0.0004308689967729151,0.9963396787643433,0.003229432040825486,-0.6880820698849057
2024-04-18,gold,2,0.5917845175253849,0.5917845175253849,0.5658515545282257,0.9919019888772427,0.19166704617352703,0.7191939502954483,0.032469394558575004,0.24833664612378925,0.6501417431969162
2024-04-18,oil,1,-0.9503542438888072,-0.9503542438888072,0.0,-0.9503542438888072,-0.9503542438888072,0.008994998410344124,0.9749026298522949,0.01610235497355461,-0.6587353646847053
2024-04-19,gold,1,0.9942831815765114,0.9942831815765114,0.0,0.9942831815765114,0.9942831815765114,0.9971376657485962,0.0006012952653691173,0.002261020243167877,0.689184583987931
2024-04-19,oil,2,-0.14871316743629998,-0.14871316743629998,1.0175897861280667,0.5708314708010245,-0.8682578056736244,0.3811488370411098,0.4736110996454954,0.14524008706212044,-0.16337811323227733
2024-04-21,gold,1,0.9937421637490245,0.9937421637490245,0.0,0.9937421637490245,0.9937421637490245,0.9968665242195129,0.0008209189400076866,0.002312586409971118,0.6888095790061758
2024-04-21,oil,1,-0.8852313044060645,-0.8852313044060645,0.0,-0.8852313044060645,-0.8852313044060645,0.003957458306103945,0.9408755898475647,0.055166855454444885,-0.6135955827924663
2024-04-22,gold,3,-0.7191630437956246,-0.930340993462907,0.4212034884723865,-0.23414649500082563,-0.9930016429231412,0.003863631864078343,0.8149936199188232,0.1811427103045086,-0.9969716723396912
2024-04-22,oil,4,-0.45639640303264883,-0.921397774768238,0.9688919728357426,0.9948119618809329,-0.9776020244750521,0.25088763337407727,0.7271656031371094,0.02194673931808211,-0.7345416741392986
2024-04-23,gold,3,0.5479348390894158,0.6526541003130475,0.5076444649746691,0.9950532460988757,-0.00390282914367579,0.6130652210364739,0.045234402253602944,0.3417003620415926,0.7595989776907917
2024-04-23,oil,1,0.13296254873047775,0.13296254873047775,0.0,0.13296254873047775,0.13296254873047775,0.36905962228775024,0.05694257840514183,0.5739977955818176,0.09216261577259498
2024-04-24,gold,1,-0.9746409790831894,-0.9746409790831894,0.0,-0.9746409790831894,-0.9746409790831894,0.0016849071253091097,0.9872404932975769,0.011074572801589966,-0.6755696467096973
2024-04-24,oil,2,0.018041621928498675,0.018041621928498675,1.3780718803576444,0.9924855934918857,-0.9564023496348883,0.4999315416207537,0.489968279725872,0.01010017329826951,0.019820747558152687
2024-04-25,gold,1,-0.01463142838233078,-0.01463142838233078,0.0,-0.01463142838233078,-0.01463142838233078,0.004948409274220467,0.12106158584356308,0.8739899396896362,-0.010141733330777341
2024-04-25,oil,3,0.8880111261975947,0.9677842310895436,0.16230532089640426,0.9949925620717724,0.7012565854314681,0.9430441657702128,0.04464347613975406,0.01231233992924293,1.231044816859449
2024-04-26,gold,1,-0.9866333892109633,-0.9866333892109633,0.0,-0.9866333892109633,-0.9866333892109633,0.0006493686814792454,0.9932944178581238,0.006056203041225672,-0.6838821519778824
2024-04-26,oil,1,0.7146664369402782,0.7146664369402782,0.0,0.7146664369402782,0.7146664369402782,0.850881814956665,0.09660930931568146,0.052508965134620667,0.49536902580597575
2024-04-28,oil,1,-0.9631023420897161,-0.9631023420897161,0.0,-0.9631023420897161,-0.9631023420897161,0.002496315399184823,0.9813809394836426,0.016122719272971153,-0.6675716730101666
2024-04-28,silver,1,0.8534751797891841,0.8534751797891841,0.0,0.8534751797891841,0.8534751797891841,0.9251434803009033,0.04914529249072075,0.02571124956011772,0.5915839145487654
2024-04-29,gas,1,0.9960512530919514,0.9960512530919514,0.0,0.9960512530919514,0.9960512530919514,0.9980237483978271,0.00031905886135064065,0.0016572403255850077,0.6904101177738866
2024-04-29,gold,2,0.00578323186290064,0.00578323186290064,1.4005833675665518,0.9961452286863003,-0.984578764960499,0.4995277489651926,0.49650877885869704,0.003963453171309084,0.006353529592799608
2024-04-29,oil,3,-0.6578395273994967,-0.9845716537280521,0.5697028209305072,-8.205197950347798e-06,-0.9889387232724878,0.001847810441783319,0.6638269796967506,0.33432522090151906,-0.911959227355696
2024-04-30,gold,2,0.9945996855559911,0.9945996855559911,0.0031819541758130935,0.9968496669311333,0.9923497041808488,0.9972956478595734,0.000426514248829335,0.002277843072079122,1.0926794368572497
2024-04-30,oil,1,-0.7191820503918258,-0.7191820503918258,0.0,-0.7191820503918258,-0.7191820503918258,0.10722597688436508,0.854797899723053,0.037976108491420746,-0.49849901053841456
2024-05-01,oil,1,-0.9947172882257073,-0.9947172882257073,0.0,-0.9947172882257073,-0.9947172882257073,0.00043811951763927937,0.9973552227020264,0.002206617733463645,-0.6894854837878834
2024-05-02,gold,2,0.016238418394473042,0.016238418394473042,1.375448845720477,0.9888276243786317,-0.9563507875896856,0.5043112034909427,0.4892513540980872,0.00643738335929811,0.01783972599670236
2024-05-02,oil,1,-0.9683444529560684,-0.9683444529560684,0.0,-0.9683444529560684,-0.9683444529560684,0.0030776052735745907,0.9840497374534607,0.012872617691755295,-0.6712052273773614
2024-05-03,gold,2,0.009774947208502083,0.009774947208502083,1.3142183107505307,0.9390676266997318,-0.9195177322827276,0.48636093887034804,0.4888180326670408,0.024821015540510416,0.010738877124342424
2024-05-03,oil,3,-0.01456417414408275,-0.0003937073847284922,0.9742137042491771,0.9524869997369325,-0.9957858147844523,0.3276747548079584,0.3397399558549902,0.33258526818826795,-0.020190232490310024
2024-05-05,oil,1,0.9154113077875972,0.9154113077875972,0.0,0.9154113077875972,0.9154113077875972,0.9567924737930298,0.006362467538565397,0.03684511035680771,0.6345147670456652
2024-05-06,gas,2,0.49884086778241293,0.49884086778241293,0.702666365244262,0.9957010195583339,0.0019807160064919324,0.5211852509528399,0.0007908007828518748,0.47802397061605006,0.5480327074356226
2024-05-06,gold,3,0.23447658515554703,-0.030932392889537308,0.6629584734405601,0.9890190701918707,-0.25465692183569233,0.48734827525913715,0.3294237349764444,0.18322796079640588,0.3250535678157827
2024-05-06,oil,1,0.414098971894866,0.414098971894866,0.0,0.414098971894866,0.414098971894866,0.6439813375473022,0.0247584730386734,0.33126020431518555,0.2870315348416984
2024-05-07,gold,2,0.9944179388220457,0.9944179388220457,0.001599975130525331,0.99554929208657,0.9932865855575214,0.9972049295902252,0.0003437330306041986,0.002451272332109511,1.092479767661912
2024-05-07,oil,5,-0.28012800685000927,-0.0007376711933946289,0.6168281871070151,0.4461385990030322,-0.9970632650083944,0.1463276498427149,0.39714415366761385,0.45652820337563754,-0.5019220088694856
2024-05-08,gold,1,0.1700008710063763,0.1700008710063763,0.0,0.1700008710063763,0.1700008710063763,0.41287118196487427,0.02148834988474846,0.5656404495239258,0.11783562443080467
2024-05-08,oil,6,-0.18191428577430024,-0.09762781589384628,0.7231098628903345,0.9906642074591664,-0.9942696482569341,0.1857393913329967,0.39837722869439557,0.4158834006326894,-0.35398885494635945
2024-05-09,gold,1,0.0003279527026890383,0.0003279527026890383,0.0,0.0003279527026890383,0.0003279527026890383,0.021738450974225998,0.01202529575675726,0.9662362337112427,0.00022731949122592088
2024-05-09,oil,2,0.4846182834027809,0.4846182834027809,0.719887579139811,0.9936556723045087,-0.02441910549894688,0.512901852838695,0.079936140216887,0.40716193802654743,0.5324076014595398
2024-05-10,gold,1,0.9966206196995847,0.9966206196995847,0.0,0.9966206196995847,0.9966206196995847,0.9983090162277222,0.00044108196743763983,0.001249979599379003,0.6908047726326726
2024-05-10,oil,1,-0.9942128408996876,-0.9942128408996876,0.0,-0.9942128408996876,-0.9942128408996876,0.0004223750438541174,0.9971023201942444,0.0024753224570304155,-0.6891358275461119
2024-05-11,oil,1,0.7708659405890074,0.7708659405890074,0.0,0.7708659405890074,0.7708659405890074,0.8780103921890259,0.006024752743542194,0.1159648671746254,0.5343235533089608
2024-05-13,gold,2,0.4952740339677295,0.4952740339677295,0.6977758375619009,0.9886760604558725,0.0018720074795865321,0.5188005827367306,0.000793202081695199,0.4804062289185822,0.5441141399751744
2024-05-13,oil,4,0.27534606268426487,0.480806189404032,0.8975050291654806,0.997267977433858,-0.8574961055048627,0.5146423152182251,0.2786758284419193,0.20668185265094507,0.44315239232351217
2024-05-13,silver,1,0.9939578095520294,0.9939578095520294,0.0,0.9939578095520294,0.9939578095520294,0.9969743490219116,0.0002491690684109926,0.0027764628175646067,0.6889590532865282
2024-05-14,gold,1,0.9362697904615598,0.9362697904615598,0.0,0.9362697904615598,0.9362697904615598,0.9676288962364197,0.005984874442219734,0.026386303827166557,0.6489727655018809
2024-05-14,oil,3,-0.015573122857423035,-0.051065817110276246,0.9942456700323882,0.9959436473895338,-0.9915971988515266,0.33889979591670755,0.40760474275642383,0.253495462743255,-0.02158893240227283
2024-05-15,gas,1,0.9929350412425888,0.9929350412425888,0.0,0.9929350412425888,0.9929350412425888,0.9964613318443298,0.00047189052565954626,0.0030666992533951998,0.6882501243164734
2024-05-15,gold,1,-0.9905225871718517,-0.9905225871718517,0.0,-0.9905225871718517,-0.9905225871718517,0.0005397757631726563,0.9952501058578491,0.004210012499243021,-0.6865779385791116
2024-05-15,oil,3,-0.32480657841027266,-0.9738026379224873,1.144276536698766,0.9964220460867282,-0.9970391433950588,0.333306574029848,0.6620379686161565,0.004655438746946554,-0.4502775281048066
2024-05-16,gas,1,-0.9749990731923411,-0.9749990731923411,0.0,-0.9749990731923411,-0.9749990731923411,0.001241240301169455,0.9874211549758911,0.011337527073919773,-0.675817858631831
2024-05-16,gold,1,0.9771420350568477,0.9771420350568477,0.0,0.9771420350568477,0.9771420350568477,0.9885079264640808,0.002436229959130287,0.009055793285369873,0.6773032466062612
2024-05-16,oil,1,0.9961148345305804,0.9961148345305804,0.0,0.9961148345305804,0.9961148345305804,0.9980556964874268,0.0005559592391364276,0.0013883740175515413,0.6904541890688082
2024-05-17,gold,1,0.9932371262943296,0.9932371262943296,0.0,0.9932371262943296,0.9932371262943296,0.9966129660606384,0.00048465447616763413,0.0029024225659668446,0.6884595137183769
2024-05-17,oil,1,0.9972012981894092,0.9972012981894092,0.0,0.9972012981894092,0.9972012981894092,0.9985997080802917,0.0004145697457715869,0.0009856289252638817,0.6912072682907062
2024-05-19,gold,1,0.9768223107090191,0.9768223107090191,0.0,0.9768223107090191,0.9768223107090191,0.9883449077606201,0.001820108969695866,0.009835016913712025,0.6770816305760075
2024-05-19,oil,1,0.6197417347027163,0.6197417347027163,0.0,0.6197417347027163,0.6197417347027163,0.7872373461723328,0.0009147492237389088,0.21184799075126648,0.42957223608451744
2024-05-20,gold,2,0.9667424683699251,0.9667424683699251,0.04213275996385557,0.9965348286504724,0.9369501080893776,0.9831724166870117,0.0077262709237402305,0.009101410338189453,1.062075155728541
2024-05-20,oil,2,0.30040719943028305,0.30040719943028305,0.8581586141395974,0.9072169748220422,-0.30640257596147613,0.5357004329562187,0.2965636271983385,0.16773593798279762,0.33003104089848057
2024-05-21,gold,2,0.9730881715657622,0.9730881715657622,0.027380955934898026,0.9924494311826986,0.9537269119488258,0.9864042103290558,0.0010539990616962314,0.012541768606752157,1.0690466232397282
2024-05-21,oil,2,-0.05512760428688651,-0.05512760428688651,1.3300124737653252,0.8853332349752701,-0.9955884435490431,0.4706514815916307,0.5005668549565598,0.028781725151930004,-0.06056386351440629
2024-05-22,gold,1,-0.0883095892934449,-0.0883095892934449,0.0,-0.0883095892934449,-0.0883095892934449,0.25382813811302185,0.3908174932003021,0.355354368686676,-0.06121154283515806
2024-05-22,oil,1,-0.9837189158277789,-0.9837189158277789,0.0,-0.9837189158277789,-0.9837189158277789,0.0006990031688474119,0.9918262958526611,0.007474697660654783,-0.6818619929695111
2024-05-23,gold,1,-0.9902482982438872,-0.9902482982438872,0.0,-0.9902482982438872,-0.9902482982438872,0.0005205640918575227,0.9951123595237732,0.004367115441709757,-0.6863878159820342
2024-05-23,oil,1,-0.9953528933614381,-0.9953528933614381,0.0,-0.9953528933614381,-0.9953528933614381,0.00044085431727580726,0.9976738095283508,0.0018852784996852279,-0.6899260516956647
2024-05-24,gold,1,-0.8264220546694745,-0.8264220546694745,0.0,-0.8264220546694745,-0.8264220546694745,0.010230589658021927,0.909135103225708,0.0806342139840126,-0.5728321171467032
2024-05-24,oil,1,-0.8530807097855096,-0.8530807097855096,0.0,-0.8530807097855096,-0.8530807097855096,0.015679335221648216,0.9237567186355591,0.060563862323760986,-0.5913104887779029
2024-05-26,gold,1,0.9955748732474696,0.9955748732474696,0.0,0.9955748732474696,0.9955748732474696,0.9977853298187256,0.0008414515177719295,0.0013732017250731587,0.6900799164278085
2024-05-27,gold,2,0.25709088874504665,0.25709088874504665,0.5452948100981472,0.6426725467112772,-0.12849076922118385,0.43217886984348297,0.18439073185436428,0.38343045860528946,0.2824432096799141
2024-05-27,oil,2,0.0721960234457521,0.0721960234457521,1.3053766155731301,0.9952366803198575,-0.8508446334283533,0.500234997482039,0.46152471742243506,0.038240273541305214,0.07931543855047422
2024-05-28,gold,1,0.42168412715106096,0.42168412715106096,0.0,0.42168412715106096,0.42168412715106096,0.6499338746070862,0.027017375454306602,0.3230487108230591,0.2922891638216394
2024-05-28,oil,2,0.9908537190143532,0.9908537190143532,0.0075960620529455245,0.9962249460023048,0.9854824920264016,0.9954127967357635,0.00041665619937703013,0.004170569591224194,1.0885640719816667
2024-05-29,gold,3,-0.4120793515899213,-0.8152805344604924,0.8489020333284528,0.5632823572375545,-0.9842398775468261,0.2535727708988513,0.6323804336910447,0.11404677806422114,-0.5712632814430487
2024-05-29,oil,4,-0.6891851072396183,-0.9675648989013812,0.5706108304488134,0.16644993285884918,-0.9880605640145601,0.10384143616829533,0.7405909141234588,0.1555676539428532,-1.109200640276403
2024-05-30,gold,1,0.9105189779611702,0.9105189779611702,0.0,0.9105189779611702,0.9105189779611702,0.9542304873466492,0.00607251888141036,0.039696961641311646,0.6311236624201081
2024-05-30,oil,2,-0.49732766914554954,-0.49732766914554954,0.7033280359081675,3.544437312680282e-07,-0.9946556927348303,0.0006973100535105914,0.4990437452797778,0.5002589372452348,-0.5463702888179687
2024-05-31,gold,1,0.9972327340699088,0.9972327340699088,0.0,0.9972327340699088,0.9972327340699088,0.9986155033111572,0.00037431297823786736,0.0010102330707013607,0.6912290579826429
2024-05-31,oil,1,1.9060416841937267e-06,1.9060416841937267e-06,0.0,1.9060416841937267e-06,1.9060416841937267e-06,0.0016980045475065708,0.0009885316248983145,0.9973134398460388,1.3211674194286112e-06
2024-06-01,gold,1,0.9621065264687546,0.9621065264687546,0.0,0.9621065264687546,0.9621065264687546,0.9808719158172607,0.0017764013027772307,0.01735171675682068,0.6668814262201397
2024-06-02,oil,2,0.3011884601403282,0.3011884601403282,0.40901443803632975,0.5904053428790219,0.011971577401634438,0.43994102999567986,0.028917073679622263,0.531141884624958,0.3308893435151897
2024-06-03,gold,2,0.5092426639066358,0.5092426639066358,0.5072927835757282,0.8679528312200328,0.15053249659323875,0.6600182503461838,0.01514268945902586,0.324839074164629,0.5594602484819141
2024-06-03,oil,4,-0.4968856799915745,-0.4960216932637398,0.5745217758246655,0.0008574506223433254,-0.9963567840611618,0.013144166143320035,0.5002433567497064,0.48661245947005227,-0.7997066515240381
2024-06-04,gold,1,0.17169819568456646,0.17169819568456646,0.0,0.17169819568456646,0.17169819568456646,0.44880083203315735,0.17240649461746216,0.3787926435470581,0.11901212024598701
2024-06-04,oil,2,-0.49751078241377605,-0.49751078241377605,0.7025194527920343,-0.0007545134290659339,-0.9942670513984861,0.0021016008831793442,0.5124260326847434,0.4854723275639117,-0.5465714593046604
2024-06-04,silver,1,-0.8536879926896153,-0.8536879926896153,0.0,-0.8536879926896153,-0.8536879926896153,0.003696839325129986,0.9239597320556641,0.07234334945678711,-0.591731425210686
2024-06-05,gas,2,0.9968390514477892,0.9968390514477892,0.0004970252190680731,0.9971905013506129,0.9964876015449654,0.9984183013439178,0.00028010418463964015,0.0013015990843996406,1.0951396317448032
2024-06-05,gold,1,-0.8326146945815404,-0.8326146945815404,0.0,-0.8326146945815404,-0.8326146945815404,0.0027759172953665257,0.912481427192688,0.08474260568618774,-0.5771245280419747
2024-06-05,oil,1,0.9882468917023682,0.9882468917023682,0.0,0.9882468917023682,0.9882468917023682,0.9941071271896362,0.0014644701732322574,0.004428346175700426,0.6850005466806262
2024-06-06,gold,1,0.9772588814748159,0.9772588814748159,0.0,0.9772588814748159,0.9772588814748159,0.9885644316673279,0.0009326954022981226,0.010502755641937256,0.6773842383714344
2024-06-06,oil,3,0.11882975272956771,0.3661778431591236,1.013589462914866,0.9858513171511127,-0.9955399021215332,0.532883053800712,0.3383050059977298,0.12881196232046932,0.16473301614227065
2024-06-07,gold,2,-0.3864974208765528,-0.3864974208765528,0.5530963130799689,0.004600732751570913,-0.7775955745046765,0.06153046153485775,0.4721309021115303,0.4663386717438698,-0.42461081611351137
2024-06-07,oil,2,-0.9954275780169384,-0.9954275780169384,0.001677042560336957,-0.9942417298501857,-0.9966134261836911,0.0004925015673507005,0.9977111220359802,0.001796371245291084,-1.0935889696885421
2024-06-08,oil,1,2.7895039634746877e-06,2.7895039634746877e-06,0.0,2.7895039634746877e-06,2.7895039634746877e-06,0.0016940570203587413,0.0002833103353623301,0.9980226755142212,1.9335368074432722e-06
2024-06-09,oil,3,-0.6410725857532179,-0.9307449223633122,0.5585059461708586,0.002758918161634455,-0.9952317530579761,0.020990384500085685,0.6561962799169123,0.32281327550299466,-0.8887153106982335
2024-06-10,gold,2,-0.13854808403337573,-0.13854808403337573,0.1959436095021689,4.970975776726755e-06,-0.2771011390425282,0.1537951366044581,0.30434358237835113,0.5418612845242023,-0.15221062769048851
2024-06-10,oil,2,0.9279676925225289,0.9279676925225289,0.09759687403738189,0.996979103976971,0.8589562810680869,0.9626461863517761,0.0017840519431047142,0.035569773928727955,1.0194767104922402
2024-06-11,gold,3,0.021900973509695627,0.05764063269527764,0.9691389465940833,0.9726757151485114,-0.9646134273147021,0.40921417383166653,0.3314827816793695,0.25930302776396275,0.030361196079527145
2024-06-11,oil,3,0.9941093507809239,0.9962108123484287,0.003824260988230482,0.9964220805018195,0.9896951594925235,0.9970493714014689,0.0006556603766512126,0.0022948900780950985,1.37812818732415
2024-06-12,gas,1,0.899883346174719,0.899883346174719,0.0,0.899883346174719,0.899883346174719,0.9486218690872192,0.0003773131757043302,0.05100077763199806,0.6237516042338557
2024-06-12,gold,2,-0.9527732492065344,-0.9527732492065344,0.056036455523422166,-0.9131494915122642,-0.9923970069008046,0.007287281507160515,0.9759411811828613,0.016771461232565343,-1.046728399892542
2024-06-12,oil,3,0.4094841991397762,0.14813046210893233,0.5036854495345631,0.9901273999266741,0.09019473538372225,0.5602770249048868,0.00841988151660189,0.43130308684582513,0.5676656362351661
2024-06-13,gas,1,0.9814936280232213,0.9814936280232213,0.0,0.9814936280232213,0.9814936280232213,0.9907037019729614,0.00035264607868157327,0.008943725377321243,0.6803195410018475
2024-06-13,gold,2,-0.4695654889720656,-0.4695654889720656,0.7382115984041773,0.052428938210088455,-0.9915599161542197,0.11478738283040002,0.5017629566136748,0.3834496515337378,-0.5158704165191611
2024-06-13,oil,3,0.0036351310409645046,-0.0006815952666026082,0.9910147246284882,0.9968011676443371,-0.985214179254841,0.3357641259596373,0.34010204950269934,0.3241338054649532,0.005039361664020971
2024-06-14,gold,1,0.9469663433362489,0.9469663433362489,0.0,0.9469663433362489,0.9469663433362489,0.9731267094612122,0.0030270901042968035,0.02384628914296627,0.656387050968682
2024-06-14,oil,1,0.45490492312892594,0.45490492312892594,0.0,0.45490492312892594,0.45490492312892594,0.6746358275413513,0.015118833631277084,0.3102453351020813,0.31531606488965364
2024-06-15,gold,1,-0.0006510419042844717,-0.0006510419042844717,0.0,-0.0006510419042844717,-0.0006510419042844717,0.005485172849148512,0.026098458096385002,0.9684163928031921,-0.0004512678603811593
2024-06-15,oil,1,-0.27369334408625334,-0.27369334408625334,0.0,-0.27369334408625334,-0.27369334408625334,0.02806709334254265,0.5239094495773315,0.4480234682559967,-0.18970976979140947
2024-06-17,gold,2,0.49166646428279165,0.49166646428279165,0.6953114503568301,0.9833259058667597,7.0226988235708165e-06,0.497142469859682,0.00036846966395387426,0.5024890154600143,0.5401508195870752
2024-06-17,oil,3,0.3356493782051464,0.010095071163701341,0.572820306615488,0.997058558922413,-0.00020549547067527651,0.37595173344016075,0.02132675682272141,0.6027215075640319,0.46530884031919195
2024-06-17,silver,1,2.5184206041140023e-05,2.5184206041140023e-05,0.0,2.5184206041140023e-05,2.5184206041140023e-05,0.006424194201827049,0.0040107546374201775,0.9895650148391724,1.745636141205695e-05
2024-06-18,gold,2,0.9449158779861517,0.9449158779861517,0.03748841892550257,0.9714241932243367,0.9184075627479668,0.971972644329071,0.0008275034924736246,0.02719986392185092,1.0380961953132026
2024-06-18,oil,3,0.5490912899681646,0.761961039205864,0.4795046534555679,0.8853070282260549,5.8024725749228345e-06,0.6068076330702752,0.026740744612955798,0.36645163719852764,0.7612021590229133
2024-06-19,gold,1,0.9651627955857288,0.9651627955857288,0.0,0.9651627955857288,0.9651627955857288,0.9824292659759521,0.0021107865031808615,0.015459959395229816,0.6689998705416027
2024-06-19,oil,1,-0.9906533482020121,-0.9906533482020121,0.0,-0.9906533482020121,-0.9906533482020121,0.000647550739813596,0.9953159093856812,0.004036531783640385,-0.6866685752184944
2024-06-20,gas,1,-0.9213452495041408,-0.9213452495041408,0.0,-0.9213452495041408,-0.9213452495041408,0.015417379327118397,0.9599911570549011,0.024591544643044472,-0.6386278620160944
2024-06-20,gold,1,0.9791739439370208,0.9791739439370208,0.0,0.9791739439370208,0.9791739439370208,0.9895328283309937,0.0011410118313506246,0.009326132014393806,0.678711658517708
2024-06-20,oil,3,0.17954165444298062,-1.3163288884593394e-06,0.3885560267736723,0.6254016501419433,-0.08677537048411299,0.2898387318709865,0.11926741591499497,0.5908938695987066,0.24889758314043997
2024-06-21,gold,2,0.011375191440060828,0.011375191440060828,1.388579851897161,0.9932494209355552,-0.9704990380554336,0.4992322404868901,0.4928073284972925,0.007960405084304512,0.012496925102003117
2024-06-21,oil,1,-0.993765728355733,-0.993765728355733,0.0,-0.993765728355733,-0.993765728355733,0.0007667203317396343,0.9968782663345337,0.0023549748584628105,-0.6888259127468768
2024-06-23,gold,1,0.9746956885317306,0.9746956885317306,0.0,0.9746956885317306,0.9746956885317306,0.9872670769691467,0.0007924229721538723,0.01194046437740326,0.6756075684097037
2024-06-23,oil,1,-0.16875432969131277,-0.16875432969131277,0.0,-0.16875432969131277,-0.16875432969131277,0.0773724839091301,0.4180201292037964,0.5046073794364929,-0.1169715878328169
2024-06-24,gold,1,0.8660811986630972,0.8660811986630972,0.0,0.8660811986630972,0.8660811986630972,0.9306387305259705,0.0026898595970124006,0.06667142361402512,0.6003217409893037
2024-06-24,oil,5,-0.19134082171702851,-0.9641161338265444,1.0808047577775706,0.9931817837857603,-0.9943295329115286,0.4000048883026466,0.5945815137703903,0.005413618218153715,-0.3428367291613629
2024-06-25,gold,3,-0.3311194599864167,-0.9825712876431729,1.1394306947924304,0.9845610969530308,-0.995348189269108,0.3311510541437504,0.6630482269247295,0.005800628685392439,-0.4590290402362327
2024-06-25,oil,2,-0.9876742523567592,-0.9876742523567592,0.013250630654852132,-0.978304641565715,-0.9970438631478036,0.0006720971869071946,0.9938071668148041,0.00552080461056903,-1.0850710708402234
2024-06-26,gold,1,0.8496641062348069,0.8496641062348069,0.0,0.8496641062348069,0.8496641062348069,0.9217837452888489,0.0045890784822404385,0.0736272931098938,0.5889422796596423
2024-06-26,oil,1,0.9870381648504732,0.9870381648504732,0.0,0.9870381648504732,0.9870381648504732,0.9935059547424316,0.003989990334957838,0.0025040521286427975,0.684162721071168
2024-06-27,gold,1,-0.9187977500127715,-0.9187977500127715,0.0,-0.9187977500127715,-0.9187977500127715,0.006093504372984171,0.9585587382316589,0.03534772992134094,-0.636862069926174
2024-06-27,oil,1,0.9591209062613605,0.9591209062613605,0.0,0.9591209062613605,0.9591209062613605,0.9794297218322754,0.012715665623545647,0.007854597643017769,0.6648119519911616
2024-06-28,gold,1,0.0050696792879234565,0.0050696792879234565,0.0,0.0050696792879234565,0.0050696792879234565,0.07319409400224686,0.01696161925792694,0.9098442792892456,0.003514033904767295
2024-06-28,oil,3,-0.027244064241231714,-0.002456129529830875,0.9400418766397036,0.900158700976582,-0.9794347641704463,0.3375770205942293,0.35653439263114706,0.30588856401542824,-0.037768292631607574
2024-06-30,oil,1,-0.9660825575867653,-0.9660825575867653,0.0,-0.9660825575867653,-0.9660825575867653,0.002039473969489336,0.9828971028327942,0.015063420869410038,-0.6696374009794074
2024-07-01,gold,1,0.8200824072232891,0.8200824072232891,0.0,0.8200824072232891,0.8200824072232891,0.9055942296981812,0.004303206689655781,0.09010254591703415,0.5684378083936358
2024-07-01,oil,3,0.6646191770604395,0.9941040632297529,0.5713862531811423,0.9949141392936846,0.00483932865788109,0.6880234604080518,0.0008074484067037702,0.31116910034324974,0.9213578174510294
2024-07-02,gold,1,-0.4341210467608863,-0.4341210467608863,0.0,-0.4341210467608863,-0.4341210467608863,0.024874387308955193,0.6593480110168457,0.31577762961387634,-0.3009097795840405
2024-07-02,oil,2,-0.7825857545034636,-0.7825857545034636,0.28824837170583,-0.5787633762042906,-0.9864081328026366,0.00401650439016521,0.8769907653331757,0.11899275914765894,-0.8597583268341096
2024-07-03,gold,1,-0.02635906469256355,-0.02635906469256355,0.0,-0.02635906469256355,-0.02635906469256355,0.021892491728067398,0.16382412612438202,0.8142833709716797,-0.018270711373847625
2024-07-03,oil,2,0.4529987686553264,0.4529987686553264,0.7578587159266623,0.9888858058683987,-0.08288826855774589,0.5070416685193777,0.1455003374721855,0.34745799435768276,0.4976700139962637
2024-07-04,gold,1,0.9886184230351488,0.9886184230351488,0.0,0.9886184230351488,0.9886184230351488,0.994293212890625,0.0007635467918589711,0.004943227395415306,0.6852580725764327
2024-07-04,oil,4,0.14641859005793884,0.36481211812925374,0.8387769296141937,0.8373338247198407,-0.981283700746593,0.44289014356036205,0.2503691756246553,0.30674070050008595,0.2356516299243934
2024-07-05,gold,1,0.9948690110899105,0.9948690110899105,0.0,0.9948690110899105,0.9948690110899105,0.997431218624115,0.00033135173725895584,0.002237344393506646,0.6895906500634325
2024-07-05,oil,2,-0.9869641207202249,-0.9869641207202249,0.01397623200740464,-0.9770814322923527,-0.9968468091480972,0.0016430416435468942,0.9934503734111786,0.004906608781311661,-1.0842909114977548
2024-07-07,gold,2,0.4943123781062171,0.4943123781062171,0.7004189068807156,0.98958333683284,-0.00095858062040588,0.5009083019103855,0.016645511554088444,0.4824461628450081,0.5430576530282472
2024-07-07,oil,1,0.559459845730352,0.559459845730352,0.0,0.559459845730352,0.559459845730352,0.74815434217453,0.016585806384682655,0.23525983095169067,0.3877880147044954
2024-07-08,gas,1,0.988309152854894,0.988309152854894,0.0,0.988309152854894,0.988309152854894,0.9941374063491821,0.00023645380861125886,0.005626113619655371,0.6850437028229578
2024-07-08,gold,1,0.004180434280502965,0.004180434280502965,0.0,0.004180434280502965,0.004180434280502965,0.0947251096367836,0.06922724843025208,0.8360476493835449,0.0028976562350467735
2024-07-08,oil,2,-0.7848345957746968,-0.7848345957746968,0.29528830766164044,-0.5760342310220513,-0.9936349605273423,0.0042591794626787305,0.8779114484786987,0.1178294257260859,-0.8622289314899505
2024-07-09,gold,2,0.4295698461104029,0.4295698461104029,0.800335964221566,0.9954928336389464,-0.1363531414181406,0.5069223502650857,0.1849794988083886,0.30809818365378305,0.47193071177815743
2024-07-09,oil,4,-0.7149083643529988,-0.9334378468239324,0.4830773953756473,0.004587033568557719,-0.9973447973326881,0.019239676264987793,0.7345780427567661,0.24618232254579198,-1.1506006255059675
2024-07-10,gas,2,0.4961821655301755,0.4961821655301755,0.7016682701351168,0.9923365574861509,2.777357420016141e-05,0.5007172538898885,0.00028246876900084317,0.49900029285345227,0.545111824469405
2024-07-10,gold,1,0.03211360715895317,0.03211360715895317,0.0,0.03211360715895317,0.03211360715895317,0.17959392070770264,0.011847632005810738,0.808558464050293,0.022259456259838065
2024-07-10,oil,3,0.6430918631542896,0.9469150182299457,0.5576803249789066,0.9828874776509936,-0.0005269064180705996,0.6560619707840184,0.010078042027695725,0.33385999221354723,0.8915146235728759
2024-07-11,gold,1,0.01391494078001232,0.01391494078001232,0.0,0.01391494078001232,0.01391494078001232,0.11852224916219711,0.011514363810420036,0.8699634075164795,0.009645101969324145
2024-07-11,oil,3,-0.3355292981375204,-0.9853411839476786,1.1328355720330694,0.9725474427769258,-0.9937941532418085,0.3292774699705963,0.6636966127747049,0.00702589921032389,-0.4651423739985592
2024-07-12,gold,4,0.9298013743101894,0.9839467587094378,0.11361691145385407,0.9918121649592964,0.7594998148625854,0.9628211855888367,0.001814347539038863,0.03536447189981118,1.4964575828481488
2024-07-12,oil,1,-0.9934744091600997,-0.9934744091600997,0.0,-0.9934744091600997,-0.9934744091600997,0.0004999578231945634,0.9967319965362549,0.002768059493973851,-0.6886239856677806
2024-07-15,gas,1,0.0003475546993092493,0.0003475546993092493,0.0,0.0003475546993092493,0.0003475546993092493,0.01873234286904335,0.0018289330182597041,0.9794387817382812,0.00024090655991656574
2024-07-15,oil,3,-0.322729684706518,-0.9759726879286209,1.1433544647809788,0.9974785600682212,-0.9896949262591545,0.3342220533328752,0.6610325096795956,0.004745488578919321,-0.4473983420746461
2024-07-16,gold,1,0.9912623144054836,0.9912623144054836,0.0,0.9912623144054836,0.9912623144054836,0.9956217408180237,0.0005605359910987318,0.0038177454844117165,0.687090678425487
2024-07-16,oil,1,-0.9948875950300123,-0.9948875950300123,0.0,-0.9948875950300123,-0.9948875950300123,0.0005466052680276334,0.9974406957626343,0.002012746874243021,-0.6896035314691177
2024-07-17,gold,1,0.9842471942473348,0.9842471942473348,0.0,0.9842471942473348,0.9842471942473348,0.9920933842658997,0.0014514189679175615,0.006455178838223219,0.6822281676665769
2024-07-17,oil,1,0.9864936404575162,0.9864936404575162,0.0,0.9864936404575162,0.9864936404575162,0.993225634098053,0.0018747824942693114,0.004899588413536549,0.6837852855234438
2024-07-18,gold,1,0.9627786865082489,0.9627786865082489,0.0,0.9627786865082489,0.9627786865082489,0.9812136292457581,0.0012339993845671415,0.017552347853779793,0.6673473320564002
2024-07-18,oil,1,-0.5041492324928143,-0.5041492324928143,0.0,-0.5041492324928143,-0.5041492324928143,0.07664433121681213,0.714159369468689,0.2091963291168213,-0.3494496190838546
2024-07-19,gold,2,0.37599098989038915,0.37599098989038915,0.8255758713900703,0.9597612869343009,-0.20777930715352255,0.590851679444313,0.24987275357125327,0.15927557367831469,0.41306832192206855
2024-07-19,oil,1,-0.9933207829894403,-0.9933207829894403,0.0,-0.9933207829894403,-0.9933207829894403,0.0008000932284630835,0.9966551065444946,0.002544778399169445,-0.6885175001207278
2024-07-20,oil,2,-0.004503417316704013,-0.004503417316704013,0.006395246386646601,1.870477065256393e-05,-0.00902553940406059,0.010967488633468747,0.049321408034302294,0.9397110939025879,-0.004947509605131794
2024-07-21,gold,2,0.49496205051315356,0.49496205051315356,0.699977879146127,0.9899211555379576,2.9454883495655046e-06,0.49834063346497715,0.0006082208783482201,0.5010511144064367,0.5437713911181162
2024-07-21,oil,1,-0.8713442979119056,-0.8713442979119056,0.0,-0.8713442979119056,-0.8713442979119056,0.010571258142590523,0.93351811170578,0.05591064691543579,-0.6039698433946223
2024-07-22,oil,2,-0.0942242521584829,-0.0942242521584829,1.2748239087717597,0.807212378552769,-0.9956608828697348,0.44949064010870643,0.5056365779601038,0.044872841564938426,-0.10351592131187198
2024-07-23,gold,1,0.9632333766311926,0.9632333766311926,0.0,0.9632333766311926,0.9632333766311926,0.9814452528953552,0.0011805291287600994,0.017374232411384583,0.667662499233147
2024-07-23,oil,1,-0.9966140308134243,-0.9966140308134243,0.0,-0.9966140308134243,-0.9966140308134243,0.0004119419027119875,0.9983056783676147,0.0012824067380279303,-0.6908002055648075
2024-07-24,gold,2,0.5031897766427633,0.5031897766427633,0.6984336012902536,0.9970569123236429,0.009322640961883621,0.6323713511228561,0.12431003010715358,0.2433186322741676,0.5528104721519012
2024-07-24,oil,2,0.349095115657759,0.349095115657759,0.4935171504689937,0.6980644393862462,0.00012579192927188523,0.426945086568594,0.054978970176307485,0.5180759653449059,0.38352018397562915
2024-07-25,gold,1,-0.007395671414773597,-0.007395671414773597,0.0,-0.007395671414773597,-0.007395671414773597,0.008757632225751877,0.08644286543130875,0.9047995209693909,-0.0051262887894981
2024-07-25,oil,3,0.0019291045577661814,-8.630199018644369e-06,0.991331103797157,0.9942276553632711,-0.9884317114909539,0.3333427202111731,0.33279721239038434,0.3338600894591461,0.0026743067704419377
2024-07-26,gold,1,0.1668214174185454,0.1668214174185454,0.0,0.1668214174185454,0.1668214174185454,0.4105214476585388,0.041309114545583725,0.5481694340705872,0.11563179514067848
2024-07-26,oil,1,-0.9954933008916358,-0.9954933008916358,0.0,-0.9954933008916358,-0.9954933008916358,0.0004271423094905913,0.9977442026138306,0.0018286656122654676,-0.6900233747793506
2024-07-28,gold,1,0.9954528433577942,0.9954528433577942,0.0,0.9954528433577942,0.9954528433577942,0.9977238774299622,0.0003149188414681703,0.0019611967727541924,0.6899953317538359
2024-07-29,gold,2,-0.0152525355029694,-0.0152525355029694,1.3818326178630582,0.9618506790527583,-0.9923557500586971,0.4906317570130341,0.5003673748578876,0.009000911377370358,-0.01675662293690881
2024-07-29,oil,2,0.37836291682141415,0.37836291682141415,0.6901934331995739,0.8664033737672573,-0.10967754012442898,0.4735058154910803,0.18094074726104736,0.34555339254438877,0.41567414999631547
2024-07-30,gold,1,-0.9692767776343783,-0.9692767776343783,0.0,-0.9692767776343783,-0.9692767776343783,0.0013768686912953854,0.9845194816589355,0.014103584922850132,-0.6718514655994983
2024-07-30,oil,2,0.0027321580500943576,0.0027321580500943576,1.4030319026059108,0.9948255306037976,-0.9893612145036089,0.49906772858230397,0.49752169685962144,0.003410663455724716,0.0030015824084171625
2024-07-31,gold,1,0.9895103655312409,0.9895103655312409,0.0,0.9895103655312409,0.9895103655312409,0.9947415590286255,0.0006177094182930887,0.004640753846615553,0.6858763200028205
2024-07-31,oil,2,-0.005753232904653016,-0.005753232904653016,1.4028555697090372,0.9862154534619247,-0.9977219192712308,0.4967544403480133,0.4999780861544423,0.0032674485410097986,-0.006320572368621527
2024-08-01,gold,1,0.9803144127257565,0.9803144127257565,0.0,0.9803144127257565,0.9803144127257565,0.9901089668273926,0.001192075782455504,0.008698889054358006,0.6795021712431366
2024-08-01,oil,2,-0.4733397958871937,-0.4733397958871937,0.6694364754566879,2.327548185210304e-05,-0.9467028672562395,0.005280215758830309,0.4875104711391032,0.50720932520926,-0.5200169164773258
2024-08-02,gold,1,0.9917726141198653,0.9917726141198653,0.0,0.9917726141198653,0.9917726141198653,0.9958779811859131,0.0005603333120234311,0.003561710938811302,0.6874443912337512
2024-08-02,oil,2,-0.6997699812420164,-0.6997699812420164,0.4179863336111723,-0.40420901030225387,-0.9953309521817788,0.007210111303720623,0.8167948722839355,0.17599499982316047,-0.7687759006335319
2024-08-03,gas,1,0.9959692022389072,0.9959692022389072,0.0,0.9959692022389072,0.9959692022389072,0.9979826211929321,0.0002824284601956606,0.0017349806148558855,0.6903532444564364
2024-08-04,oil,1,0.9965324936960247,0.9965324936960247,0.0,0.9965324936960247,0.9965324936960247,0.9982648491859436,0.0004812172846868634,0.0012539173476397991,0.690743688341771
2024-08-05,gold,1,-0.9023413828978232,-0.9023413828978232,0.0,-0.9023413828978232,-0.9023413828978232,0.007157718297094107,0.949943482875824,0.04289880394935608,-0.6254553854581881
2024-08-05,oil,2,-0.9873991617457609,-0.9873991617457609,0.005720876519644779,-0.9833538911643892,-0.9914444323271326,0.0012255125911906362,0.993678480386734,0.005096008419059217,-1.0847688529144834
2024-08-06,gold,1,0.9898474163128067,0.9898474163128067,0.0,0.9898474163128067,0.9898474163128067,0.9949116110801697,0.0012832648353651166,0.0038051751907914877,0.6861099458017683
2024-08-06,oil,2,-0.4059403939769938,-0.4059403939769938,0.836785066578462,0.18575600099627332,-0.9976367889502609,0.27447514739469625,0.6691478043794632,0.056377037573838606,-0.4459711052898993
2024-08-07,gold,1,-0.04011199681873734,-0.04011199681873734,0.0,-0.04011199681873734,-0.04011199681873734,0.1291961669921875,0.23833516240119934,0.6324687004089355,-0.02780351750153728
2024-08-07,oil,1,0.9863486250794603,0.9863486250794603,0.0,0.9863486250794603,0.9863486250794603,0.9931528568267822,0.001985374605283141,0.004861799068748951,0.6836847685230064
2024-08-08,gold,2,0.9951044759666938,0.9951044759666938,0.0005565261032873033,0.9954979993482357,0.9947109525851521,0.9975493252277374,0.000461508403532207,0.001989172596950084,1.0932340058056496
2024-08-08,oil,1,0.9898378070561449,0.9898378070561449,0.0,0.9898378070561449,0.9898378070561449,0.9949069619178772,0.0014390855794772506,0.003653937252238393,0.686103285172606
2024-08-09,gold,3,0.8996583222794484,0.8591705398892089,0.07247302980934953,0.983328506583872,0.8564759203652644,0.9480158487955729,0.0034997329542723796,0.048484420559058584,1.2471912591105805
2024-08-09,oil,1,0.9937467604574665,0.9937467604574665,0.0,0.9937467604574665,0.9937467604574665,0.9968687891960144,0.000767362245824188,0.0023638822603970766,0.6888127652016722
2024-08-11,gold,1,0.8533212033296703,0.8533212033296703,0.0,0.8533212033296703,0.8533212033296703,0.9237541556358337,0.0007511898293159902,0.07549462467432022,0.5914771861999808
2024-08-12,gold,1,0.0014189321201234506,0.0014189321201234506,0.0,0.0014189321201234506,0.0014189321201234506,0.03966141119599342,0.0124135073274374,0.9479250907897949,0.0009835287984695153
2024-08-12,oil,4,-0.006418164926009384,-0.013243099366607669,1.1294778112340196,0.9925542892152901,-0.9917407501861123,0.4931135632796213,0.49701242506853305,0.009874005860183388,-0.010329637960174306
2024-08-13,gold,1,-0.05130620907835348,-0.05130620907835348,0.0,-0.05130620907835348,-0.05130620907835348,0.02576620690524578,0.22796954214572906,0.7462642788887024,-0.03556275416787978
2024-08-13,oil,2,-0.9679464599206578,-0.9679464599206578,0.023527373748133244,-0.9513100943998424,-0.9845828254414731,0.00216174079105258,0.9838088750839233,0.014029368525370955,-1.0633978756416287
2024-08-14,gold,1,0.3402166661316435,0.3402166661316435,0.0,0.3402166661316435,0.3402166661316435,0.5834847092628479,0.01541848760098219,0.40109682083129883,0.2358202229086529
2024-08-14,oil,3,-0.28767262308912966,-0.8645985627036098,1.115426191701099,0.9980580812221296,-0.9964773877859088,0.33674616274462704,0.6428508739142368,0.020402997557539493,-0.3987989352370281
2024-08-15,gold,1,-0.9749135089743552,-0.9749135089743552,0.0,-0.9749135089743552,-0.9749135089743552,0.00176837551407516,0.9873786568641663,0.010852943174540997,-0.6757585500353772
2024-08-15,oil,1,0.9970411019110174,0.9970411019110174,0.0,0.9970411019110174,0.9970411019110174,0.9985195994377136,0.0005480880499817431,0.0009323006379418075,0.6910962286920027
2024-08-16,gold,3,0.9933817926599602,0.9931505154573823,0.0027781949831624784,0.9962683968882725,0.9907264656342257,0.9966850876808167,0.0007272965061323097,0.0025876636306444802,1.377119577603671
2024-08-16,oil,2,-0.5457278052095078,-0.5457278052095078,0.6344907314467088,-0.09707510640352746,-0.9943805040154882,0.002955913878395222,0.6544021815061569,0.34264192229602486,-0.5995432730710418
2024-08-18,gold,1,0.996979058554473,0.996979058554473,0.0,0.996979058554473,0.996979058554473,0.9984884262084961,0.0003298254741821438,0.0011817181948572397,0.6910532235143415
2024-08-18,oil,2,-0.4947111158244645,-0.4947111158244645,0.7041299026907274,0.0031839132043727653,-0.9926061448533017,0.028510421863757074,0.4988415532861836,0.472647987655364,-0.5434957111854692
2024-08-19,gas,1,0.9310389603805841,0.9310389603805841,0.0,0.9310389603805841,0.9310389603805841,0.9649036526679993,0.0003108737291768193,0.034785475581884384,0.6453470303792644
2024-08-19,gold,1,0.9895406128995935,0.9895406128995935,0.0,0.9895406128995935,0.9895406128995935,0.9947575330734253,0.0013604342238977551,0.0038821191992610693,0.6858972858809135
2024-08-19,oil,1,-0.9924158348425808,-0.9924158348425808,0.0,-0.9924158348425808,-0.9924158348425808,0.0007540282094851136,0.9962009787559509,0.0030449796468019485,-0.6878902378641791
2024-08-20,gold,2,-0.29205848534395484,-0.29205848534395484,0.9960920916811286,0.41228498737006336,-0.996401958057973,0.32160901321913116,0.5136247333139181,0.16476625483483076,-0.3208590410086638
2024-08-20,oil,1,-0.9588877783665383,-0.9588877783665383,0.0,-0.9588877783665383,-0.9588877783665383,0.008665512315928936,0.9792664647102356,0.012067960575222969,-0.6646503600481557
2024-08-21,gold,1,0.04953133456637171,0.04953133456637171,0.0,0.04953133456637171,0.04953133456637171,0.23032404482364655,0.059311311691999435,0.7103646397590637,0.03433250490405191
2024-08-22,gold,1,0.420642252964329,0.420642252964329,0.0,0.420642252964329,0.420642252964329,0.6491013169288635,0.026273390278220177,0.32462525367736816,0.29156699166660793
2024-08-22,oil,1,0.9952946668244312,0.9952946668244312,0.0,0.9952946668244312,0.9952946668244312,0.9976446032524109,0.000432609609561041,0.0019226872827857733,0.6898856921357046
2024-08-23,gold,2,0.563541654815445,0.563541654815445,0.5549925205729419,0.9559806296203867,0.17110268001050333,0.6959577053785324,0.011232526798266917,0.2928097518160939,0.61911378715661
2024-08-23,oil,2,-0.0018009129137713797,-0.0018009129137713797,1.374337041885862,0.9700021290395819,-0.9736039548671247,0.49286056312848814,0.49391399463638663,0.01322543015703559,-0.00197850505789033
2024-08-25,gold,1,0.9973368072706306,0.9973368072706306,0.0,0.9973368072706306,0.9973368072706306,0.9986675977706909,0.0004215282970108092,0.0009108597878366709,0.6913011960282951
2024-08-26,gas,1,0.9971901127421089,0.9971901127421089,0.0,0.9971901127421089,0.9971901127421089,0.9985941052436829,0.00032434274908155203,0.0010815210407599807,0.6911995151294468
2024-08-26,gold,3,0.9642589062904099,0.996214161096166,0.055388728223346576,0.9962610400574684,0.9003015177175953,0.9816922744115194,0.0005634560657199472,0.017744310316629708,1.3367466844500282
2024-08-26,oil,4,0.34547881909475203,0.5506492009447383,0.6806152589447588,0.9213737578624059,-0.6407568833728744,0.6235805358737707,0.24912380380555987,0.12729567289352417,0.5560267093940559
2024-08-27,gold,3,0.294188013246714,0.7868228866787533,1.0393859374568484,0.9956607896538309,-0.8999196365924421,0.6291408168617636,0.32312876570116106,0.04773046545839558,0.4078311838729833
2024-08-27,oil,3,-0.9882740254507691,-0.9935697654090744,0.012339794788868307,-0.9741702884528401,-0.9970820224903929,0.0007333468432382991,0.9941071470578512,0.005159550618069868,-1.3700387087236565
2024-08-28,gold,1,0.885228890248103,0.885228890248103,0.0,0.885228890248103,0.885228890248103,0.9408808946609497,0.00528272008523345,0.05383644998073578,0.6135939094256818
2024-08-28,oil,3,-0.07230909271014685,0.1454696573276526,0.8219319055081724,0.6188023880931679,-0.981199323551261,0.38979460306776065,0.3353866987551252,0.27481870787839097,-0.10024168748177197
2024-08-29,gold,1,0.9950803404152239,0.9950803404152239,0.0,0.9950803404152239,0.9950803404152239,0.9975372552871704,0.00041171704651787877,0.002051093615591526,0.689737132389443
2024-08-29,oil,2,0.009369024805954751,0.009369024805954751,1.387340715010771,0.9903670522062644,-0.9716290025943549,0.49800421061809175,0.493761126534082,0.008234640001319349,0.010292925784658243
2024-08-30,gold,2,0.18776033204417902,0.18776033204417902,0.8517886047265214,0.79006583058373,-0.414545166495372,0.4542518053203821,0.3234074857318774,0.22234070301055908,0.20627580810813975
2024-08-30,oil,1,0.013369512158421637,0.013369512158421637,0.0,0.013369512158421637,0.013369512158421637,0.11615639179944992,0.011081140488386154,0.8727625012397766,0.009267039658071866
2024-09-02,gas,1,0.995821789915981,0.995821789915981,0.0,0.995821789915981,0.995821789915981,0.9979088306427002,0.00032362996716983616,0.001767679350450635,0.6902510660204204
2024-09-02,gold,1,-0.03491667308480828,-0.03491667308480828,0.0,-0.03491667308480828,-0.03491667308480828,0.05583176016807556,0.19502270221710205,0.7491455078125,-0.024202393503268187
2024-09-02,oil,4,-0.4898908110429693,-0.9773063472230272,0.9877006520605511,0.9914170843182103,-0.9963676340440332,0.2511306542073726,0.7442004712938797,0.0046688487636856735,-0.7884488442456448
2024-09-03,gold,1,-0.8008256568434319,-0.8008256568434319,0.0,-0.8008256568434319,-0.8008256568434319,0.0066617876291275024,0.8949134349822998,0.09842479974031448,-0.555090046161091
2024-09-03,oil,3,-0.615126029925701,-0.945470652779696,0.5931492833105595,0.06964265841843714,-0.969550095415844,0.09232748493862648,0.6565824346616864,0.25109010888263583,-0.8527457466640643
2024-09-04,gold,2,0.5033383237270692,0.5033383237270692,0.598261713761761,0.9263732384522957,0.08030340900184285,0.6247996985912323,0.023442148609319702,0.35175812244415283,0.5529736678041655
2024-09-04,oil,1,-0.9940213620659933,-0.9940213620659933,0.0,-0.9940213620659933,-0.9940213620659933,0.0005035098874941468,0.997006356716156,0.002490193350240588,-0.6890031045323999
2024-09-05,gold,1,-0.9344367975571851,-0.9344367975571851,0.0,-0.9344367975571851,-0.9344367975571851,0.0019316463731229305,0.9666646122932434,0.03140368312597275,-0.6477022316382273
2024-09-05,oil,4,-0.7989077098602916,-0.9920145893860632,0.389761476921749,-0.21429217695334124,-0.9973094837156985,0.01733838031941559,0.8645867928862572,0.1180748601036612,-1.2857923567850555
2024-09-06,gold,1,0.35971335279838534,0.35971335279838534,0.0,0.35971335279838534,0.35971335279838534,0.6002475023269653,0.02416069433093071,0.3755917549133301,0.2493342963019657
2024-09-06,oil,1,-0.9854978475510707,-0.9854978475510707,0.0,-0.9854978475510707,-0.9854978475510707,0.0010681739076972008,0.9927230477333069,0.006208839826285839,-0.6830950544779194
2024-09-08,oil,1,-0.9919901603064202,-0.9919901603064202,0.0,-0.9919901603064202,-0.9919901603064202,0.0006017670966684818,0.9959872364997864,0.0034110494889318943,-0.6875951827596033
2024-09-09,gas,1,-0.9571362917274086,-0.9571362917274086,0.0,-0.9571362917274086,-0.9571362917274086,0.004330563358962536,0.9783429503440857,0.017326366156339645,-0.6634363220224545
2024-09-09,gold,1,-0.9688541579664481,-0.9688541579664481,0.0,-0.9688541579664481,-0.9688541579664481,0.00160612678155303,0.984305202960968,0.014088665135204792,-0.6715585279682234
2024-09-09,oil,3,0.3019123571043723,0.9198216009265933,1.1161650956310485,0.9724809077136245,-0.9865654373271009,0.6489678407864025,0.33702642548208434,0.014005735826989016,0.41853939820620606
2024-09-10,gold,1,0.30376394099603216,0.30376394099603216,0.0,0.30376394099603216,0.30376394099603216,0.5511728525161743,0.005249849054962397,0.4435773193836212,0.21055311925717726
2024-09-10,oil,4,-0.8576128382653867,-0.9855358320801428,0.26272837840964547,-0.46368695260427695,-0.995692736296984,0.012055588857037947,0.9164589941501617,0.07148537860484794,-1.3802746160945276
2024-09-11,gold,1,0.058227281346813875,0.058227281346813875,0.0,0.058227281346813875,0.058227281346813875,0.24312995374202728,0.029747098684310913,0.727122962474823,0.04036007589721473
2024-09-11,oil,1,0.9892142467615029,0.9892142467615029,0.0,0.9892142467615029,0.9892142467615029,0.9945940375328064,0.0017340263584628701,0.0036719823256134987,0.6856710661124658
2024-09-12,gold,1,-0.6719115381455874,-0.6719115381455874,0.0,-0.6719115381455874,-0.6719115381455874,0.005349298939108849,0.8197195529937744,0.174931138753891,-0.46573358825131
2024-09-12,oil,3,-0.006818673054946721,-2.5771390608303468e-05,0.9835961057147967,0.9733633892690772,-0.993793637043309,0.3295418669489057,0.3345671658947443,0.3358909521096696,-0.009452688006392776
2024-09-13,gold,1,0.995850910288393,0.995850910288393,0.0,0.995850910288393,0.995850910288393,0.9979233741760254,0.00048164508189074695,0.0015948989894241095,0.6902712507244546
2024-09-13,oil,2,0.5054739026530687,0.5054739026530687,0.6799273268460062,0.9862551261799217,0.024692679126215644,0.5835941508412361,0.037636733235558495,0.37876904802396894,0.5553198410556891
2024-09-15,silver,1,0.06716413039089764,0.06716413039089764,0.0,0.06716413039089764,0.06716413039089764,0.2722180187702179,0.08329776674509048,0.6444842219352722,0.04655462761521123
2024-09-16,gold,1,0.9927687179128081,0.9927687179128081,0.0,0.9927687179128081,0.9927687179128081,0.9963780045509338,0.0006243491661734879,0.002997666597366333,0.6881348377693746
2024-09-16,oil,2,0.9570380402679934,0.9570380402679934,0.04773647174304456,0.9907928231474202,0.9232832573885665,0.9782370030879974,0.010375231853686273,0.011387798935174942,1.051413751761263
2024-09-17,gold,2,-0.2561244294084224,-0.2561244294084224,1.0471895627505206,0.4843504116002464,-0.9965992704170912,0.34841363385203294,0.5059998598881066,0.14558649325044826,-0.28138144557620065
2024-09-17,oil,3,0.1781348321682437,0.4955393845926892,1.013245093558469,0.9946793873763996,-0.9558142754643577,0.5686792036673675,0.34735512277499464,0.08396566344890743,0.24694731335387432
2024-09-18,gold,1,0.025074188258226604,0.025074188258226604,0.0,0.025074188258226604,0.025074188258226604,0.16097906231880188,0.028984058648347855,0.810036838054657,0.017380102896019056
2024-09-18,oil,3,-0.3474343113833855,-0.06864427469237988,0.5621844657061719,0.020869852920350082,-0.9945285123781267,0.060929125271892794,0.4214056544781973,0.5176651810761541,-0.4816462267303595
2024-09-19,gold,2,-0.7149262852133731,-0.7149262852133731,0.3761008020955461,-0.4489828576419127,-0.9808697127848334,0.006357611448038369,0.8302744030952454,0.1633680067025125,-0.7854268024272536
2024-09-19,oil,2,0.4963713334610834,0.4963713334610834,0.7019563073288863,0.9927293984700071,1.3268452159737043e-05,0.5001031438587233,0.0008758632175158709,0.4990210325922817,0.5453196466829223
2024-09-20,gold,1,0.9606750975442614,0.9606750975442614,0.0,0.9606750975442614,0.9606750975442614,0.9801417589187622,0.0016577579081058502,0.018200505524873734,0.6658892352969552
2024-09-20,oil,1,0.9748175818649227,0.9748175818649227,0.0,0.9748175818649227,0.9748175818649227,0.9873314499855042,0.0024211755953729153,0.010247321799397469,0.6756920584299348
2024-09-23,gas,1,0.9805894322606585,0.9805894322606585,0.0,0.9805894322606585,0.9805894322606585,0.9902472496032715,0.00030636301380582154,0.009446477517485619,0.6796928002583529
2024-09-23,gold,1,0.7488691924380703,0.7488691924380703,0.0,0.7488691924380703,0.7488691924380703,0.8654894232749939,0.014238479547202587,0.12027211487293243,0.5190765693466515
2024-09-23,oil,3,-0.002088767438092387,1.036675701865386e-06,0.994224985521805,0.9910896687821342,-0.9973570077721132,0.33288651145994663,0.3340090357426864,0.3331044726073742,-0.0028956465211183165
2024-09-23,silver,1,2.8673203344726367e-07,2.8673203344726367e-07,0.0,2.8673203344726367e-07,2.8673203344726367e-07,0.0005640824092552066,0.0001774121046764776,0.9992584586143494,1.9874750056019073e-07
2024-09-24,gas,1,0.9642400918597601,0.9642400918597601,0.0,0.9642400918597601,0.9642400918597601,0.9819573163986206,0.0003790070186369121,0.017663611099123955,0.6683603010554554
2024-09-24,gold,1,0.9374038315262353,0.9374038315262353,0.0,0.9374038315262353,0.9374038315262353,0.9682053923606873,0.004216183442622423,0.027578501030802727,0.6497588228685
2024-09-24,oil,3,0.6598869856156707,0.982764746228124,0.5708037795862648,0.9960718774168271,0.0008243332020612115,0.6732357380290827,0.004539381441039343,0.32222486784060794,0.9147976071354067
2024-09-25,gold,1,0.7132757576474793,0.7132757576474793,0.0,0.7132757576474793,0.7132757576474793,0.8452406525611877,0.03399986773729324,0.1207594946026802,0.4944050803751091
2024-09-25,oil,2,-0.9859848528186885,-0.9859848528186885,0.000163131168450894,-0.985869501663254,-0.9861002039741231,0.001418004569131881,0.9929687678813934,0.005613268120214343,-1.0832150757472288
2024-09-26,gold,2,-0.09165457222184892,-0.09165457222184892,1.2765504697018988,0.8110029214312361,-0.9943120658749339,0.450546768901404,0.500925314379856,0.048527888604439795,-0.100692839355542
2024-09-26,oil,2,-0.4939608693278841,-0.4939608693278841,0.6985514908157747,-1.0373164077481789e-05,-0.9879113654916907,0.023904243455035612,0.5206443164497614,0.4554514307528734,-0.5426714811647958
2024-09-27,gas,1,0.995127133401965,0.995127133401965,0.0,0.995127133401965,0.995127133401965,0.9975606203079224,0.00034864022745750844,0.002090675523504615,0.6897695668162726
2024-09-27,gold,2,0.9952491591058394,0.9952491591058394,0.0018193457073829953,0.9965356307928526,0.9939626874188262,0.9976217448711395,0.0005997625994496047,0.0017785041127353907,1.093392956480278
2024-09-27,oil,2,0.19522717425432518,0.19522717425432518,0.3209709871453032,0.42218793582890923,-0.03173358732025888,0.3262017210945487,0.09092245437204838,0.5828758627176285,0.21447897271775207
2024-09-30,gold,1,0.9966568201831221,0.9966568201831221,0.0,0.9966568201831221,0.9966568201831221,0.9983270764350891,0.00037044199416413903,0.0013024756917729974,0.6908298648957715
2024-09-30,oil,2,-0.24904075678951695,-0.24904075678951695,1.056577426586227,0.4980723063982358,-0.9961538199772697,0.3681323413766222,0.6031851693987846,0.02868248929735273,-0.2735992357881693
2024-10-01,gold,2,-0.3282042527272067,-0.3282042527272067,0.5017077856770213,0.026556724699102086,-0.6829652301535155,0.09158370550721884,0.42183480877429247,0.4865815341472626,-0.3605692252392433
2024-10-01,oil,1,0.9853172299691243,0.9853172299691243,0.0,0.9853172299691243,0.9853172299691243,0.9926331639289856,0.0018194750882685184,0.005547419190406799,0.6829698599102337
2024-10-02,gold,2,0.0055733833763174576,0.0055733833763174576,0.007766952285154252,0.01106544800630238,8.131874633253433e-05,0.061334894970059395,0.022187024005688727,0.9164780974388123,0.006122987466680919
2024-10-02,oil,2,0.4887829960109533,0.4887829960109533,0.6890021026773858,0.9759810550659227,0.0015849369559838844,0.5141278468072414,0.005847284337505698,0.4800248567480594,0.536983005909649
2024-10-03,gas,1,0.9693945437974368,0.9693945437974368,0.0,0.9693945437974368,0.9693945437974368,0.9845832586288452,0.003105424577370286,0.01231132261455059,0.6719330948833877
2024-10-03,gold,1,0.04977389886184458,0.04977389886184458,0.0,0.04977389886184458,0.04977389886184458,0.22346651554107666,0.012781895697116852,0.7637516260147095,0.03450063766156344
2024-10-03,oil,3,0.27116225994148296,0.8525840837470934,1.100034600107097,0.958478759993322,-0.9975760639159665,0.6342771798275256,0.3382371948488678,0.027485624169154715,0.3759107119054038
2024-10-04,gold,1,-0.12223292365382676,-0.12223292365382676,0.0,-0.12223292365382676,-0.12223292365382676,0.030327478423714638,0.3509311378002167,0.6187413334846497,-0.08472540640224907
2024-10-04,oil,2,0.9743822469692023,0.9743822469692023,0.02598436735195401,0.9927559693286112,0.9560085246097932,0.987066000699997,0.0015505846386076882,0.011383467237465084,1.0704683103804107
2024-10-05,oil,1,0.9652123399033742,0.9652123399033742,0.0,0.9652123399033742,0.9652123399033742,0.9825399518013,0.013131847605109215,0.004328171256929636,0.6690342120456914
2024-10-06,gas,1,0.9939953784636018,0.9939953784636018,0.0,0.9939953784636018,0.9939953784636018,0.9969931840896606,0.00035995495272800326,0.0026467617135494947,0.6889850940716613
2024-10-06,gold,1,0.1381565849593951,0.1381565849593951,0.0,0.1381565849593951,0.1381565849593951,0.37878337502479553,0.07294005155563354,0.5482766032218933,0.09576284734039525
2024-10-06,oil,1,0.040858279889351756,0.040858279889351756,0.0,0.040858279889351756,0.040858279889351756,0.3171052038669586,0.24433058500289917,0.43856415152549744,0.028320801507833282
2024-10-07,gold,3,-0.29813365956256255,-0.2627081113104617,0.46873559678915677,0.15188407910220925,-0.7835769464794352,0.16601073804001013,0.47461762217183906,0.3593716472387314,-0.4133010111116176
2024-10-07,oil,5,0.02028623408702841,0.00023155143824993285,0.7426984047726565,0.9355489927253134,-0.9972345502363846,0.33928414959809744,0.33662917036563156,0.3240866752807051,0.036348052020410096
2024-10-08,gold,2,0.4512153253216829,0.4512153253216829,0.7728435831474351,0.9976982637617436,-0.09526761311837784,0.5124877374619246,0.15509718922839966,0.33241509468643926,0.49571070123377975
2024-10-08,oil,3,-0.5227362751426115,-0.652081250753933,0.484776561537415,0.013593633445463271,-0.9297212081193647,0.0429026090229551,0.5975594203919172,0.3595379280547301,-0.7246663505830179
2024-10-09,gold,2,0.09784302693955069,0.09784302693955069,0.13783440752736348,0.1953066711829795,0.00037938269612185563,0.23084024898707867,0.007811963660060428,0.7613478004932404,0.1074915517562753
2024-10-09,oil,2,-0.15751495537839394,-0.15751495537839394,1.1747462310024037,0.6731560707367441,-0.988185981493532,0.41065846729907207,0.49735507831792347,0.09198644012212753,-0.17304786562771254
2024-10-10,gold,2,0.00047423269402435686,0.00047423269402435686,0.0011874564156853127,0.0013138911779189133,-0.0003654257898701996,0.027342115994542837,0.02139102853834629,0.9512668550014496,0.0005209978653433422
2024-10-10,oil,2,0.49296409441169176,0.49296409441169176,0.6963778095970281,0.9853775658455848,0.0005506229777987818,0.5080697657540441,0.0024256252363556996,0.48950462392531335,0.5415764119928308
2024-10-11,gold,3,0.662090668104643,0.9914008754193593,0.5733025283802378,0.9947703405950296,0.00010078829954024426,0.6678007108469804,0.0011312209923441212,0.3310680467014511,0.9178525597435676
2024-10-11,oil,1,-0.5910487037406937,-0.5910487037406937,0.0,-0.5910487037406937,-0.5910487037406937,0.0279697272926569,0.7693055272102356,0.20272472500801086,-0.4096837425714723
2024-10-13,gas,1,0.9970322151305672,0.9970322151305672,0.0,0.9970322151305672,0.9970322151305672,0.9985150694847107,0.0003226093540433794,0.0011623459868133068,0.6910900688451894
2024-10-13,oil,1,0.9897601525179056,0.9897601525179056,0.0,0.9897601525179056,0.9897601525179056,0.9948691129684448,0.002095274394378066,0.003035621950402856,0.6860494591483677
2024-10-14,gold,1,-0.9249632652453443,-0.9249632652453443,0.0,-0.9249632652453443,-0.9249632652453443,0.002144642174243927,0.9617524743080139,0.036102838814258575,-0.6411356794263312
2024-10-14,oil,3,-0.982846574891333,-0.9836588967814566,0.010164724672541432,-0.9723000624963117,-0.9925807653962304,0.0007097648631315678,0.9913776516914368,0.007912621600553393,-1.3625146646178532
2024-10-15,gold,2,0.479808573307009,0.479808573307009,0.6322894506670583,0.926904731546403,0.03271241506761502,0.5927087143063545,0.06569252483313903,0.34159875102341175,0.5271235948433937
2024-10-15,oil,3,-0.3300242888489994,-0.9817976475685675,1.1406250908379798,0.9870330188572413,-0.9953082378356721,0.33179482891379547,0.6634204503304014,0.004784715827554464,-0.45751081066396987
2024-10-16,gold,1,0.8814262585148439,0.8814262585148439,0.0,0.8814262585148439,0.8814262585148439,0.9391145706176758,0.022581595927476883,0.03830382227897644,0.6109581259610655
2024-10-16,oil,2,0.0011473683025841064,0.0011473683025841064,1.409451938465823,0.9977803917482921,-0.9954856551431239,0.4997034789994359,0.49901155903353356,0.0012849470658693463,0.0012605129168471695
2024-10-17,gold,1,-0.9373616305094972,-0.9373616305094972,0.0,-0.9373616305094972,-0.9373616305094972,0.0030307462438941,0.9681791067123413,0.02879011258482933,-0.6497295713527311
2024-10-17,oil,1,0.9912420415722194,0.9912420415722194,0.0,0.9912420415722194,0.9912420415722194,0.9956129789352417,0.001785900560207665,0.0026010931469500065,0.6870766263682679
2024-10-18,gold,1,0.9841307520574039,0.9841307520574039,0.0,0.9841307520574039,0.9841307520574039,0.9920347332954407,0.001460921368561685,0.0065043712966144085,0.6821474560909281
2024-10-18,oil,3,-0.9966413503909392,-0.9967331189439023,0.0002324778046524731,-0.9963769945392553,-0.9968139376896598,0.0003669749324520429,0.9983193278312683,0.0013136993317554395,-1.381638284105872
2024-10-20,gold,1,0.9890483422465438,0.9890483422465438,0.0,0.9890483422465438,0.9890483422465438,0.9945091605186462,0.00026238756254315376,0.005228511523455381,0.6855560698656796
2024-10-20,oil,3,-0.6556431348192922,-0.970154888042401,0.5679589503182708,-7.244209321299877e-07,-0.9967737919945434,0.0039030084638701132,0.6640959940850735,0.3320010094515358,-0.9089143807069529
2024-10-21,gas,1,0.7175262219890262,0.7175262219890262,0.0,0.7175262219890262,0.7175262219890262,0.8470777869224548,0.003816222073510289,0.1491059809923172,0.4973512777495229
2024-10-21,gold,1,0.9792765582055584,0.9792765582055584,0.0,0.9792765582055584,0.9792765582055584,0.9895855784416199,0.0017607862828299403,0.008653593249619007,0.6787827853086299
2024-10-21,oil,4,-0.07764680809347979,-0.15188859197979276,0.8182575624106638,0.9880223814625021,-0.9948324298768357,0.33864834621635964,0.45626804447965696,0.20508359058294445,-0.12496771672514131
2024-10-22,gold,2,0.5118542266800093,0.5118542266800093,0.6632257705030647,0.9808256664603994,0.042882786899619385,0.5987260937690735,0.0013178077060729265,0.399956148583442,0.5623293434373705
2024-10-22,oil,4,0.20158409345291664,-0.0007199735277278255,0.5348820837139654,0.9932050332100105,-0.18542871234288827,0.2590939975925721,0.12165147319319658,0.6192545267404057,0.3244370825467827
2024-10-23,gas,1,0.0001566634067144846,0.0001566634067144846,0.0,0.0001566634067144846,0.0001566634067144846,0.012517647817730904,0.00016776662960182875,0.9873145818710327,0.00010859079866106101
2024-10-23,gold,1,0.9776754081822243,0.9776754081822243,0.0,0.9776754081822243,0.9776754081822243,0.9887776970863342,0.0024276927579194307,0.008794642984867096,0.6776729526843025
2024-10-23,oil,1,-0.7709365409430595,-0.7709365409430595,0.0,-0.7709365409430595,-0.7709365409430595,0.004449727479368448,0.8780412077903748,0.11750908941030502,-0.5343724897453185
2024-10-24,gold,1,0.6166479562521578,0.6166479562521578,0.0,0.6166479562521578,0.6166479562521578,0.7885411977767944,0.07175848633050919,0.1397002935409546,0.4274277922742357
2024-10-24,oil,3,-0.3188633284079777,-0.9724161673056256,1.1363380019068963,0.9932635716589745,-0.977437389577282,0.33386572522188845,0.6586608263508728,0.0074734514734397335,-0.4420384341398993
2024-10-25,gold,1,0.9636545824379518,0.9636545824379518,0.0,0.9636545824379518,0.9636545824379518,0.9816600680351257,0.0013672253116965294,0.016972744837403297,0.6679544568505377
2024-10-25,oil,1,0.9919966534745591,0.9919966534745591,0.0,0.9919966534745591,0.9919966534745591,0.9959904551506042,0.0005424768314696848,0.003467107191681862,0.6875996834807917
2024-10-28,gold,2,0.07323106280915387,0.07323106280915387,1.305987989268684,0.9967040261692245,-0.8502419005509168,0.5016320047434419,0.46123309193353634,0.0371349630295299,0.08045254551436262
2024-10-28,oil,8,-0.5464479104437249,-0.959805085986041,0.6708197718676769,0.8144870336225892,-0.9976094358145423,0.1195039795966295,0.6907423776137875,0.1897536451506312,-1.2006687790609738
2024-10-29,gold,2,0.5005088081654957,0.5005088081654957,0.7010544311861386,0.9962291504380921,0.004788465892899274,0.5338893383741379,0.004300358647014946,0.4618102928507142,0.5498651272372431
2024-10-29,oil,3,-0.9881922355842283,-0.9843129385609997,0.008024028129739657,-0.9828450248011238,-0.9974187433905615,0.0030462203818994262,0.9940801461537679,0.0028736424283124506,-1.3699253238928741
2024-10-30,gold,3,0.24251920573308428,0.779423370620508,1.076139709192934,0.9445706585723491,-0.9964364119936043,0.6184280197679376,0.34019638566921157,0.04137561559521904,0.33620300737104936
2024-10-30,oil,2,0.49077142629655235,0.49077142629655235,0.6940112932670542,0.9815115179857321,3.133460737259671e-05,0.4981578013394028,0.0008311421333928593,0.5010111061856151,0.539167519856568
2024-10-31,gold,2,0.5031197128958498,0.5031197128958498,0.6920571651636163,0.9924780273517814,0.013761398439918082,0.5867093056440353,0.06654253964370582,0.3467481703264639,0.5527334992585519
2024-10-31,oil,2,-0.001159915990641247,-0.001159915990641247,1.4083328359608034,0.9946817824849244,-0.9970016144662069,0.4988432118698256,0.49943921038357075,0.0017175687244161963,-0.0012742979611411183
2024-11-01,gas,1,0.9982331430629696,0.9982331430629696,0.0,0.9982331430629696,0.9982331430629696,0.9991162419319153,0.00030793496989645064,0.0005758501356467605,0.6919224886555899
2024-11-01,gold,1,0.06636813276503506,0.06636813276503506,0.0,0.06636813276503506,0.06636813276503506,0.25778928399086,0.009337821044027805,0.7328728437423706,0.04600288410511218
2024-11-01,oil,1,0.7232443103475763,0.7232443103475763,0.0,0.7232443103475763,0.7232443103475763,0.8505434393882751,0.013411305844783783,0.13604521751403809,0.5013147545734445
2024-11-03,oil,2,-0.36967537505005976,-0.36967537505005976,0.5227690269580337,-2.1851093741087624e-05,-0.7393288990063784,0.014603909105062485,0.43511296156793833,0.5502831190824509,-0.406129909847988
2024-11-04,gold,1,0.8704766538061323,0.8704766538061323,0.0,0.8704766538061323,0.8704766538061323,0.9330452680587769,0.009841951541602612,0.05711273103952408,0.6033684383289761
2024-11-04,oil,6,-0.31868530220413877,-0.9506476942574758,1.013815443260501,0.9934606651024976,-0.9967862647302985,0.3330987847099702,0.6576888186779494,0.00921237509464845,-0.6201329639137932
2024-11-05,gas,1,0.053261866213621764,0.053261866213621764,0.0,0.053261866213621764,0.053261866213621764,0.23078633844852448,0.0006721566314809024,0.7685415744781494,0.03691831239733293
2024-11-05,gold,2,-0.46592123021038223,-0.46592123021038223,0.626414018695554,-0.022979629760439213,-0.9088628306603252,0.013790809025522321,0.55357576161623,0.43263343535363674,-0.5118667890604893
2024-11-05,oil,2,0.7302813614328567,0.7302813614328567,0.3636432641366272,0.9874159794366766,0.47314674342903673,0.8408765494823456,0.009019038931000978,0.15010442840866745,0.8022960778554138
2024-11-06,gold,1,-0.9439567015313375,-0.9439567015313375,0.0,-0.9439567015313375,-0.9439567015313375,0.0018677293555811048,0.9715761542320251,0.02655615098774433,-0.6543009262371123
2024-11-06,oil,4,-0.6296611305282767,-0.7606280374532065,0.4549609428849955,-0.015113825703028105,-0.9822746215036655,0.010834498898475431,0.7115807496011257,0.2775847123702988,-1.0134004954583251
2024-11-06,silver,1,-0.9969057196894238,-0.9969057196894238,0.0,-0.9969057196894238,-0.9969057196894238,0.0003950455866288394,0.9984517097473145,0.001153185497969389,-0.6910023888868072
2024-11-07,gold,2,-0.10076857020907931,-0.10076857020907931,0.027243925099952524,-0.08150420602476449,-0.12003293439339413,0.01788187026977539,0.3164837658405304,0.6656343638896942,-0.11070558954320973
2024-11-07,oil,2,0.9606589166016056,0.9606589166016056,0.03877485943241524,0.9880768826458216,0.9332409505573896,0.9800331592559814,0.0013060204219073057,0.01866082288324833,1.0553916909971168
2024-11-08,gold,2,-0.004599599995230241,-0.004599599995230241,1.398576917425028,0.9843436223269851,-0.9935428223174456,0.49631629858049564,0.4987962164741475,0.0048874844796955585,-0.005053177077717722
2024-11-08,oil,1,-0.970382379196955,-0.970382379196955,0.0,-0.970382379196955,-0.970382379196955,0.0022670316975563765,0.9850825071334839,0.012650488875806332,-0.6726178102054211
2024-11-09,gold,1,0.9668571871998598,0.9668571871998598,0.0,0.9668571871998598,0.9668571871998598,0.9833183288574219,0.007597161456942558,0.009084542281925678,0.6701743333117021
2024-11-09,oil,1,-0.9716157764748726,-0.9716157764748726,0.0,-0.9716157764748726,-0.9716157764748726,0.002326380694285035,0.985708475112915,0.011965153738856316,-0.67347273605112
2024-11-11,gold,2,-0.954560991056663,-0.954560991056663,0.0017144094482033055,-0.9533487205101081,-0.9557732616032178,0.0012277205241844058,0.97701695561409,0.021755341440439224,-1.0486924350580598
2024-11-11,oil,3,-0.6571851393138549,-0.9505135222171083,0.5465443870687351,-0.02659986764990574,-0.994442028074551,0.008822033957888683,0.7121616800626119,0.2790162611442308,-0.9110520528425868
2024-11-12,gold,1,-0.7971522072235048,-0.7971522072235048,0.0,-0.7971522072235048,-0.7971522072235048,0.004591640084981918,0.892845630645752,0.10256276279687881,-0.5525438049141096
2024-11-12,oil,3,-0.7669216286615158,-0.9881683246877119,0.3845768041689913,-0.32285151888883246,-0.9897450424080033,0.010384631576016545,0.8526384830474854,0.13697690656408668,-1.063179129234342
2024-11-13,gold,1,-3.224154989731054e-05,-3.224154989731054e-05,0.0,-3.224154989731054e-05,-3.224154989731054e-05,0.004258600529283285,0.007097691297531128,0.9886437058448792,-2.2348139408203596e-05
2024-11-13,oil,3,0.2941324961507672,0.0003984480863971022,0.5090960575048993,0.8819859457368693,1.3094629035221433e-05,0.3209201643864314,0.0027882041758857667,0.6762916631996632,0.4077542208359265
2024-11-13,silver,1,0.9843032014092616,0.9843032014092616,0.0,0.9843032014092616,0.9843032014092616,0.9921209812164307,0.0008806644473224878,0.0069984192959964275,0.6822669888729577
2024-11-14,oil,1,0.986555766937195,0.986555766937195,0.0,0.986555766937195,0.986555766937195,0.9932557344436646,0.001091697602532804,0.00565256318077445,0.6838283483176713
2024-11-15,gold,1,0.5970628857817638,0.5970628857817638,0.0,0.5970628857817638,0.5970628857817638,0.7787097692489624,0.09657128900289536,0.12471894919872284,0.41385245589661424
2024-11-15,oil,1,-0.9829696469808384,-0.9829696469808384,0.0,-0.9829696469808384,-0.9829696469808384,0.001680414890870452,0.9914496541023254,0.00686987629160285,-0.6813426393807729
2024-11-18,gold,1,0.9717446303056618,0.9717446303056618,0.0,0.9717446303056618,0.9717446303056618,0.9857741594314575,0.00245744944550097,0.011768415570259094,0.6735620507206359
2024-11-18,oil,1,0.9943576504650301,0.9943576504650301,0.0,0.9943576504650301,0.9943576504650301,0.9971754550933838,0.0011105193989351392,0.001714030047878623,0.6892362018880472
2024-11-19,gold,1,0.9753992985663792,0.9753992985663792,0.0,0.9753992985663792,0.9753992985663792,0.9876260161399841,0.002413905458524823,0.00996010098606348,0.676095273721434
2024-11-19,oil,1,-0.3199156982367626,-0.3199156982367626,0.0,-0.3199156982367626,-0.3199156982367626,0.22096075117588043,0.6072391271591187,0.1718001365661621,-0.22174866424967823
2024-11-20,gold,1,0.9914555702494325,0.9914555702494325,0.0,0.9914555702494325,0.9914555702494325,0.9957193732261658,0.0012000465067103505,0.0030806404538452625,0.687224633168847
2024-11-20,oil,1,-0.9165658502277679,-0.9165658502277679,0.0,-0.9165658502277679,-0.9165658502277679,0.009104292839765549,0.9574177265167236,0.033477943390607834,-0.6353150348829064
2024-11-21,gold,2,0.49697393201022266,0.49697393201022266,0.7028184707370848,0.9939416386115745,6.225408870828147e-06,0.4997335398802534,0.0004290132928872481,0.49983744672499597,0.5459816688541403
2024-11-21,oil,1,0.8971541765564889,0.8971541765564889,0.0,0.8971541765564889,0.8971541765564889,0.9476571679115295,0.029998086392879486,0.022344795987010002,0.6218598880077096
2024-11-22,gas,1,0.9966387790111779,0.9966387790111779,0.0,0.9966387790111779,0.9966387790111779,0.998318076133728,0.00038104900158941746,0.0013009319081902504,0.6908173597083044
2024-11-22,gold,2,0.9951348417809899,0.9951348417809899,0.0011830089806437365,0.9959713554534076,0.9942983281085721,0.9975644648075104,0.0004355304699856788,0.0020000014919787645,1.0932673660623906
2024-11-22,oil,2,-0.0020630169585505453,-0.0020630169585505453,1.405801566914875,0.9919888040096316,-0.9961148379267327,0.49822731169115286,0.49965111241908744,0.0021216243621893227,-0.002266455782394338
2024-11-24,oil,1,-0.09561863443496321,-0.09561863443496321,0.0,-0.09561863443496321,-0.09561863443496321,0.0378810316324234,0.3115342855453491,0.6505846977233887,-0.06627778686758684
2024-11-25,gold,1,0.9560870809640478,0.9560870809640478,0.0,0.9560870809640478,0.9560870809640478,0.9778345823287964,0.00855933129787445,0.013606217689812183,0.6627090645400179
2024-11-25,oil,4,-0.8450568876226207,-0.9573248131002163,0.24964567004581845,-0.4714991337249925,-0.9940787905650574,0.0500606614514254,0.9167194813489914,0.03321985516231507,-1.3600665931034086
2024-11-26,gold,1,-0.9956371641062962,-0.9956371641062962,0.0,-0.9956371641062962,-0.9956371641062962,0.0007197873201221228,0.9978164434432983,0.0014637417625635862,-0.6901230931609788
2024-11-26,oil,3,-0.6239582330145819,-0.8856696842832988,0.5432553377473843,0.0006147185671210309,-0.9868197333275679,0.01242332657178243,0.6510916532327732,0.3364850127448638,-0.8649897800024455
2024-11-27,gold,1,-0.08065183993696556,-0.08065183993696556,0.0,-0.08065183993696556,-0.08065183993696556,0.012428578920662403,0.2842645049095154,0.7033069133758545,-0.05590359545927968
2024-11-27,oil,2,0.2863840206347772,0.2863840206347772,1.005248302927316,0.997201912410951,-0.42443387114139663,0.5596402399241924,0.3315039027511375,0.10885587651864626,0.31462500434754775
2024-11-28,gold,2,0.2466887330981706,0.2466887330981706,0.16531016538028845,0.3635806720376422,0.129796794158699,0.4921475350856781,0.08092112903250381,0.42693135142326355,0.2710152736576177
2024-11-28,oil,2,0.47797455275275774,0.47797455275275774,0.675965595475371,0.9559544091621952,-5.303656679753882e-06,0.4893192936142441,0.005402766750194132,0.5052779261022806,0.5251087173248233
2024-11-29,gold,2,-0.9545224563950334,-0.9545224563950334,0.023076647145305603,-0.9382048027115386,-0.9708401100785281,0.00331649009604007,0.9769676029682159,0.019715906586498022,-1.0486501004052537
2024-11-29,oil,3,-0.006595126420372919,7.2800616649632e-05,0.9797009556925057,0.9697548471788888,-0.9896130270566572,0.33203913023074466,0.33397751848679036,0.33398333300525945,-0.009142786567435788
2024-12-02,gold,1,-0.9451247270718638,-0.9451247270718638,0.0,-0.9451247270718638,-0.9451247270718638,0.0016938683111220598,0.972176730632782,0.026129400357604027,-0.6551105398473501
2024-12-02,oil,3,0.331020448716216,0.8337549312665634,1.0154246064377301,0.9970030106242908,-0.8376965957422062,0.6391070890240371,0.308500995413245,0.05239192850422114,0.45889178147066617
2024-12-03,gold,1,0.9931053117298301,0.9931053117298301,0.0,0.9931053117298301,0.9931053117298301,0.9965468049049377,0.00039214870776049793,0.0030611155088990927,0.6883681468246373
2024-12-03,oil,1,0.952014576053313,0.952014576053313,0.0,0.952014576053313,0.952014576053313,0.9758451581001282,0.0161010529845953,0.008053739555180073,0.6598862192433255
2024-12-03,silver,1,0.00022555327262312186,0.00022555327262312186,0.0,0.00022555327262312186,0.00022555327262312186,0.015073931775987148,0.0012924668844789267,0.9836335778236389,0.00015634161498478562
2024-12-04,gold,1,0.45743243405425993,0.45743243405425993,0.0,0.45743243405425993,0.45743243405425993,0.67655348777771,0.017094075679779053,0.3063524067401886,0.31706800196138335
2024-12-04,oil,2,-0.49154606194592804,-0.49154606194592804,0.6951647989639222,9.681443644452004e-06,-0.9831018053355005,0.002121235738741234,0.49645937501918525,0.5014194333925843,-0.5400185441002124
2024-12-05,gas,2,0.9958365149761859,0.9958365149761859,0.0012860147442262891,0.9967458647225342,0.9949271652298376,0.9979160130023956,0.00027582337497733533,0.001808149041607976,1.094038232857262
2024-12-05,gold,1,-0.00024589415406506276,-0.00024589415406506276,0.0,-0.00024589415406506276,-0.00024589415406506276,0.004931222647428513,0.01643812283873558,0.9786307215690613,-0.00017044083960637106
2024-12-05,oil,4,-0.6086367750868052,-0.8157976803813227,0.5575871351768067,0.18995871305994577,-0.9929104526445213,0.11114624247420579,0.6982551431574393,0.1905986029887572,-0.9795631007263309
2024-12-06,gas,1,0.969817519889757,0.969817519889757,0.0,0.969817519889757,0.969817519889757,0.9847954511642456,0.0021503232419490814,0.013054161332547665,0.6722262795692237
2024-12-06,gold,1,-0.9315075240616292,-0.9315075240616292,0.0,-0.9315075240616292,-0.9315075240616292,0.002762560499832034,0.9651503562927246,0.032087139785289764,-0.6456718139736937
2024-12-06,oil,1,-0.9965112022009389,-0.9965112022009389,0.0,-0.9965112022009389,-0.9965112022009389,0.0003869888896588236,0.998254120349884,0.0013588274596258998,-0.6907289302019823
2024-12-07,gold,1,0.0005999869320758577,0.0005999869320758577,0.0,0.0005999869320758577,0.0005999869320758577,0.02809835597872734,0.013767006807029247,0.958134651184082,0.0004158792503411922
2024-12-08,oil,2,-0.38324857081889135,-0.38324857081889135,0.8606110356854092,0.2252953284782393,-0.991792470116022,0.2801226701994892,0.64604452252388,0.07383279618807137,-0.42104158951612436
2024-12-09,gold,1,0.994988000093107,0.994988000093107,0.0,0.994988000093107,0.994988000093107,0.9974910020828247,0.0004806668439414352,0.0020283993799239397,0.6896731269555156
2024-12-09,oil,3,0.5539807703826628,0.669251769466822,0.5062626199672795,0.9926680367437188,2.2504937447487272e-05,0.6116578544800481,0.050575363410947226,0.33776680333539844,0.7679804181503384
2024-12-10,gold,1,0.08490769029982359,0.08490769029982359,0.0,0.08490769029982359,0.08490769029982359,0.29260385036468506,0.026633238419890404,0.6807628870010376,0.05885352613917974
2024-12-10,oil,1,0.9626772328131216,0.9626772328131216,0.0,0.9626772328131216,0.9626772328131216,0.9811888337135315,0.007360758725553751,0.011450524441897869,0.6672770097136652
2024-12-11,gold,1,0.9770354754495411,0.9770354754495411,0.0,0.9770354754495411,0.9770354754495411,0.9884527325630188,0.001825610059313476,0.009721653535962105,0.677229385114895
2024-12-11,oil,5,0.03385769878229585,-0.082520928156231,0.9391511019790914,0.997463202770322,-0.9945337233090841,0.40330222935299387,0.42996732837636953,0.1667304577305913,0.06066485239944978
2024-12-12,gas,1,0.0002399304705324708,0.0002399304705324708,0.0,0.0002399304705324708,0.0002399304705324708,0.015491501428186893,0.00023679817968513817,0.9842717051506042,0.00016630712918000318
2024-12-12,gold,1,0.9935630055455963,0.9935630055455963,0.0,0.9935630055455963,0.9935630055455963,0.9967764019966125,0.00046698100049979985,0.0027565888594835997,0.6886853960025954
2024-12-12,oil,2,0.05534114508979332,0.05534114508979332,1.3285805715040064,0.994789476552975,-0.8841071863733884,0.5042293681763113,0.47044265115982853,0.02532794000580907,0.060798462064611765
2024-12-13,oil,2,0.0040862813772530315,0.0040862813772530315,1.3962747403621834,0.9914016186868388,-0.9832290559323328,0.4980650309298653,0.4963146685040556,0.005620299489237368,0.004489238936005829
2024-12-16,gold,1,0.985587508309672,0.985587508309672,0.0,0.985587508309672,0.985587508309672,0.9927678108215332,0.0006541727343574166,0.006578006315976381,0.6831572025799508
2024-12-16,oil,2,-0.9279213009020926,-0.9279213009020926,0.09674886967399043,-0.8595095190834804,-0.9963330827207046,0.002944687948911451,0.9626393616199493,0.03441595024196431,-1.0194257440879377
2024-12-17,gold,1,0.9474004969488007,0.9474004969488007,0.0,0.9474004969488007,0.9474004969488007,0.9733468890190125,0.0019045885419473052,0.02474856562912464,0.6566879833211522
2024-12-17,oil,2,-0.9921440473526995,-0.9921440473526995,0.005959156859963192,-0.9879302871268651,-0.9963578075785338,0.0006342663837131113,0.9960622787475586,0.003303447039797902,-1.0899816425505906
2024-12-17,silver,1,0.21859587365621377,0.21859587365621377,0.0,0.21859587365621377,0.21859587365621377,0.467547744512558,0.002244463888928294,0.5302077531814575,0.1515191135068426
2024-12-18,gold,1,0.8755806552423012,0.8755806552423012,0.0,0.8755806552423012,0.8755806552423012,0.93572998046875,0.0031530552078038454,0.061116963624954224,0.6069062625340306
2024-12-18,oil,1,0.012074393005935491,0.012074393005935491,0.0,0.012074393005935491,0.012074393005935491,0.13560697436332703,0.07946609705686569,0.7849268913269043,0.008369331469036909
2024-12-19,gold,1,-0.9849957851094622,-0.9849957851094622,0.0,-0.9849957851094622,-0.9849957851094622,0.0010867253877222538,0.9924701452255249,0.006443152669817209,-0.6827470513120535
2024-12-19,oil,2,-0.4986920507067355,-0.4986920507067355,0.7051266857752088,-9.218959948953387e-05,-0.9972919118139815,0.003817336182692088,0.5053354087285697,0.4908472725364845,-0.5478692151675197
2024-12-20,gold,1,-0.9492197436209777,-0.9492197436209777,0.0,-0.9492197436209777,-0.9492197436209777,0.0016543894307687879,0.9742805361747742,0.024065159261226654,-0.6579489890227148
2024-12-20,oil,2,-0.7788261148735665,-0.7788261148735665,0.07319964572744235,-0.7270661489992392,-0.8305860807478939,0.011618197429925203,0.8821294903755188,0.10625229775905609,-0.855627940535741
2024-12-23,gold,1,0.7944202865510015,0.7944202865510015,0.0,0.7944202865510015,0.7944202865510015,0.8914247155189514,0.01475740410387516,0.0938178300857544,0.5506501818024505
2024-12-23,oil,2,0.0012213004994172105,0.0012213004994172105,1.4082070395074897,0.9969740474497956,-0.9945314464509611,0.4994734074716689,0.4988557962642517,0.0016708390321582556,0.001341735736816247
2024-12-24,gold,1,0.03156948881877675,0.03156948881877675,0.0,0.03156948881877675,0.03156948881877675,0.2241695076227188,0.1366838663816452,0.639146625995636,0.02188230216645382
2024-12-26,gold,1,0.9950622397922312,0.9950622397922312,0.0,0.9950622397922312,0.9950622397922312,0.9975281357765198,0.00034383239108137786,0.002128055552020669,0.6897245859936493
2024-12-26,oil,2,-0.0004290353551817394,-0.0004290353551817394,1.408407725902616,0.9954656183060824,-0.9963236890164459,0.49904053029604256,0.49939320038538426,0.0015662433579564095,-0.0004713435134757461
2024-12-27,gold,1,0.753587618779068,0.753587618779068,0.0,0.753587618779068,0.753587618779068,0.8680990934371948,0.002894506324082613,0.12900644540786743,0.5223471332615939
2024-12-27,oil,2,0.49864835774316724,0.49864835774316724,0.7049075176849395,0.9970932436075641,0.0002034718787703449,0.5083861667662859,0.005826117281685583,0.4857877437607385,0.5478212135408154
2024-12-27,silver,1,0.12657980759086515,0.12657980759086515,0.0,0.12657980759086515,0.12657980759086515,0.3557911217212677,0.002740426454693079,0.6414684653282166,0.08773843674742854
2024-12-30,gold,1,0.989734924248452,0.989734924248452,0.0,0.989734924248452,0.989734924248452,0.9948545694351196,0.0008419167716056108,0.004303494933992624,0.6860319722445255
2024-12-30,oil,3,-0.25498856944731724,-0.7577976412620206,1.083558442452119,0.9886287340582395,-0.9957968011381705,0.33371538860956207,0.6230970074539073,0.04318758725033452,-0.3534892159748435
2024-12-31,gold,3,0.9970439228458386,0.9969778312247853,0.0002321180379346661,0.9973019191103647,0.9968520182023659,0.9985209902127584,0.00046562321949750185,0.001013401139061898,1.3821963680300413
2025-01-01,oil,1,-0.9932189395545022,-0.9932189395545022,0.0,-0.9932189395545022,-0.9932189395545022,0.0005672601400874555,0.9966038465499878,0.00282885879278183,-0.688446907630942
2025-01-02,gas,1,-0.10922464314427582,-0.10922464314427582,0.0,-0.10922464314427582,-0.10922464314427582,0.223873108625412,0.3991789221763611,0.37694796919822693,-0.07570875344312095
2025-01-02,gold,1,0.9655904449220243,0.9655904449220243,0.0,0.9655904449220243,0.9655904449220243,0.9826455116271973,0.0013485236559063196,0.016005901619791985,0.6692962944733243
2025-01-02,oil,2,0.9961848159968252,0.9961848159968252,0.0009726213228686807,0.9968725631297523,0.9954970688638981,0.9980906844139099,0.0005344977835193276,0.0013748485362157226,1.094420880638692
2025-01-03,gas,1,0.9807293157619835,0.9807293157619835,0.0,0.9807293157619835,0.9807293157619835,0.9903178215026855,0.0002620745508465916,0.009420107118785381,0.6797897601129032
2025-01-03,gold,1,0.3445096407332492,0.3445096407332492,0.0,0.3445096407332492,0.3445096407332492,0.5869846940040588,0.006433400325477123,0.40658190846443176,0.23879588614997135
2025-01-04,oil,1,0.9975730720453456,0.9975730720453456,0.0,0.9975730720453456,0.9975730720453456,0.9987859129905701,0.0004724172758869827,0.0007416745065711439,0.6914649622907545
2025-01-05,oil,1,0.9764917328891866,0.9764917328891866,0.0,0.9764917328891866,0.9764917328891866,0.9881900548934937,0.005272568669170141,0.006537429057061672,0.6768524914922348
2025-01-06,gold,1,-0.9951677127746611,-0.9951677127746611,0.0,-0.9951677127746611,-0.9951677127746611,0.0003554512222763151,0.9975810050964355,0.002063566353172064,-0.6897976942940458
2025-01-06,oil,3,-0.9396775838954712,-0.9560905381290288,0.048473337260126224,-0.8851286249166977,-0.9778135886406869,0.0033132391593729458,0.9691590070724487,0.027527741466959316,-1.3026697358250545
2025-01-07,gold,1,0.1938296753978317,0.1938296753978317,0.0,0.1938296753978317,0.1938296753978317,0.4409084916114807,0.023888390511274338,0.5352030396461487,0.13435249301085642
2025-01-07,oil,2,0.2101806525591755,0.2101806525591755,1.0994403505437493,0.9876023799387756,-0.5672410748204246,0.49970082100480795,0.3784427235368639,0.12185647164005786,0.2309070477417926
2025-01-08,gold,1,0.7482242631326042,0.7482242631326042,0.0,0.7482242631326042,0.7482242631326042,0.8651895523071289,0.018130255863070488,0.11668018251657486,0.5186295384169072
2025-01-08,oil,1,0.9962594030256063,0.9962594030256063,0.0,0.9962594030256063,0.9962594030256063,0.998128354549408,0.0009207855327986181,0.0009508210932835937,0.6905543963135332
2025-01-09,gold,1,-0.974594762059773,-0.974594762059773,0.0,-0.974594762059773,-0.974594762059773,0.0013098326744511724,0.9872165322303772,0.01147363893687725,-0.6755376115102224
2025-01-09,oil,1,0.9961355751263912,0.9961355751263912,0.0,0.9961355751263912,0.9961355751263912,0.9980660080909729,0.00043937709415331483,0.0014946031151339412,0.6904685653543176
2025-01-10,gold,2,0.43898487913225276,0.43898487913225276,0.7860624377352938,0.9948149592909074,-0.11684520102640183,0.5054560620337725,0.17131469908053987,0.3232292188331485,0.48227418275417777
2025-01-10,oil,1,0.9919653147452328,0.9919653147452328,0.0,0.9919653147452328,0.9919653147452328,0.995976984500885,0.002191453240811825,0.001831598929129541,0.6875779611289168
2025-01-12,oil,2,0.9963856954259631,0.9963856954259631,0.001439239939937527,0.9974033917472475,0.9953679991046788,0.9981912970542908,0.0006172992289066315,0.0011914227216038853,1.0946415692480835
2025-01-13,gold,2,0.6812037071771698,0.6812037071771698,0.4401817253297394,0.9924591901122228,0.3699482242421168,0.8260473310947418,0.1228739450161811,0.051078687072731555,0.7483787637911115
2025-01-13,oil,3,-0.010596157498796424,1.3912186988540576e-05,0.9763364071907951,0.9603919756269172,-0.9921943603102951,0.3302547966207688,0.34005718523015577,0.32968800646873814,-0.014689393390119727
2025-01-13,silver,1,0.62080475513749,0.62080475513749,0.0,0.62080475513749,0.62080475513749,0.8040719032287598,0.16039592027664185,0.035532206296920776,0.4303090657017584
2025-01-14,gold,1,0.9802222987505085,0.9802222987505085,0.0,0.9802222987505085,0.9802222987505085,0.9900626540184021,0.0013479156186804175,0.008589372970163822,0.6794383227009033
2025-01-14,oil,4,-0.6866906527612979,-0.8828442014689935,0.4662364157149468,2.3767807540764352e-05,-0.9810979759147456,0.014172024792060256,0.7177011321182363,0.26812681648880243,-1.105185970668153
2025-01-15,gold,1,-0.9822552092505213,-0.9822552092505213,0.0,-0.9822552092505213,-0.9822552092505213,0.0010099174687638879,0.9910883903503418,0.007901660166680813,-0.680847428882318
2025-01-15,oil,2,0.5004205389066412,0.5004205389066412,0.698196934281175,0.9941203257405182,0.0067207520727640135,0.5417966246604919,0.014521972392685711,0.44368143077008426,0.549768153544754
2025-01-16,gold,2,0.38408841651619496,0.38408841651619496,0.543182087359285,0.768176153907009,6.791253808965947e-07,0.43885393856908195,0.013620718062156811,0.5475252792239189,0.42196425431976714
2025-01-16,oil,2,0.023575052191081303,0.023575052191081303,1.3761198930054364,0.9966387602609316,-0.949488655878769,0.5006806460442021,0.48736601776909083,0.011953420180361718,0.025899842043113967
2025-01-17,gold,3,0.6617972751822739,0.9910451537367063,0.5731068672781038,0.9943135144984565,3.315731165908983e-05,0.6661510346457362,0.0005221410732095441,0.3333268417045474,0.9174458307896949
2025-01-17,oil,3,0.44493173566535354,0.42227677929444346,0.45240495719005525,0.9082385386036227,0.004279889097994483,0.5579700047771136,0.02315473711738984,0.41887528511385125,0.6168063562361653
2025-01-19,gold,2,0.008337276599688748,0.008337276599688748,1.3916828556928216,0.9924056611211424,-0.9757311079217649,0.4994361265562475,0.4943599132820964,0.006203956203535199,0.009159434526443131
2025-01-20,gold,1,-0.9821772785775588,-0.9821772785775588,0.0,-0.9821772785775588,-0.9821772785775588,0.0010011272970587015,0.99104905128479,0.007949762046337128,-0.6807934114560749
2025-01-20,oil,2,-0.9901799708939358,-0.9901799708939358,0.005496850626913654,-0.9862931105404757,-0.994066831247396,0.0011741012567654252,0.9950767755508423,0.0037491178372874856,-1.0878238840171093
2025-01-21,gold,1,0.1638045800785523,0.1638045800785523,0.0,0.1638045800785523,0.1638045800785523,0.405015230178833,0.015257230959832668,0.5797274708747864,0.11354068284425431
2025-01-21,oil,3,0.0015488443797768703,1.8225682829609013e-07,0.9820865472247879,0.9844088068778012,-0.9797624559952989,0.33181475355134654,0.3304705460420034,0.3377147560628752,0.0021471542299369094
2025-01-22,gold,1,0.9615549655119812,0.9615549655119812,0.0,0.9615549655119812,0.9615549655119812,0.9806216359138489,0.007991183549165726,0.011387147940695286,0.6664991132980451
2025-01-22,oil,2,0.042146332779327,0.042146332779327,1.3478499698741468,0.99522018649942,-0.910927520940766,0.504370201844722,0.47738103188748937,0.01824869296979159,0.04630247911366421
2025-01-23,gold,1,0.46516630228495803,0.46516630228495803,0.0,0.46516630228495803,0.46516630228495803,0.6827022433280945,0.030266370624303818,0.2870313823223114,0.3224287109203139
2025-01-23,oil,4,-0.6385416793148776,-0.785210134210086,0.45182923665745567,-0.00011358840448605356,-0.9836328604348522,0.01286331401206553,0.6992560140788555,0.2878806800581515,-1.0276931873587014
2025-01-24,gas,1,0.6384028375700467,0.6384028375700467,0.0,0.6384028375700467,0.6384028375700467,0.7990015745162964,0.0008123005973175168,0.20018614828586578,0.4425071269231466
2025-01-24,gold,1,0.9918024232804763,0.9918024232804763,0.0,0.9918024232804763,0.9918024232804763,0.9958932399749756,0.0009317570365965366,0.0031750572379678488,0.6874650533693836
2025-01-24,oil,1,-0.08253876041005848,-0.08253876041005848,0.0,-0.08253876041005848,-0.08253876041005848,0.032196275889873505,0.2890940308570862,0.6787096858024597,-0.05721150906514487
2025-01-26,gold,1,0.9909797466814055,0.9909797466814055,0.0,0.9909797466814055,0.9909797466814055,0.9954797029495239,0.00030238082399591804,0.00421791709959507,0.6868948174042251
2025-01-27,gold,1,-0.9053342828454655,-0.9053342828454655,0.0,-0.9053342828454655,-0.9053342828454655,0.0022583354730159044,0.9514932632446289,0.04624845087528229,-0.6275299056185945
2025-01-27,oil,2,-0.9704728984782568,-0.9704728984782568,0.03397808528944044,-0.9464467639583586,-0.994499032998155,0.0014567871257895604,0.9850519895553589,0.01349120878148824,-1.0661734520875719
2025-01-29,oil,1,-0.871461943655024,-0.871461943655024,0.0,-0.871461943655024,-0.871461943655024,0.004749631974846125,0.9335333108901978,0.061716992408037186,-0.6040513892097699
2025-01-30,gold,1,-0.8959237208024802,-0.8959237208024802,0.0,-0.8959237208024802,-0.8959237208024802,0.0029475486371666193,0.9465370774269104,0.05051540583372116,-0.6210070010710147
2025-01-30,oil,3,-0.1599833053904216,-0.007450939395451717,0.7645172276660618,0.5167691032757943,-0.9892680800516074,0.24276362999808043,0.3856942132115364,0.3715421555874248,-0.22178395413606286
2025-01-31,gold,1,0.6642048312407549,0.6642048312407549,0.0,0.6642048312407549,0.6642048312407549,0.8150352239608765,0.008807598613202572,0.17615719139575958,0.4603917060888235
2025-01-31,oil,1,-0.9968535053041769,-0.9968535053041769,0.0,-0.9968535053041769,-0.9968535053041769,0.00031719516846351326,0.9984256029129028,0.001257280702702701,-0.6909661966328887
2025-02-01,oil,1,-0.9975135499868528,-0.9975135499868528,0.0,-0.9975135499868528,-0.9975135499868528,0.0005103419534862041,0.9987561702728271,0.0007335651316680014,-0.691423704743729
2025-02-02,oil,1,0.9931582566383552,0.9931582566383552,0.0,0.9931582566383552,0.9931582566383552,0.9965734481811523,0.0005757351173087955,0.002850866410881281,0.6884048454387065
2025-02-03,gold,3,-0.04444815881524985,-0.11145466977031049,0.9860950268962222,0.9734411985992609,-0.9953310052747,0.3804707398424701,0.4553550495572078,0.16417423523186395,-0.06161823192774222
2025-02-03,oil,3,-0.5510996988959512,-0.6740607689390932,0.5010936126798852,2.8913941680364097e-05,-0.9792672416904408,0.024940759874880314,0.6063698719566067,0.36868937918916345,-0.7639864049943268
2025-02-04,gold,2,0.14523640359862572,0.14523640359862572,0.209841486109516,0.2936167414009272,-0.003143934203675758,0.3146281810477376,0.1700622607022524,0.5153095610439777,0.1595584977554115
2025-02-04,oil,2,-0.9768153116988207,-0.9768153116988207,0.02953981063822444,-0.9559275112815657,-0.9977031121160758,0.0016916595486691222,0.9882856011390686,0.010022732865763828,-1.0731413051914944
2025-02-05,gold,2,0.9526770346353659,0.9526770346353659,0.05825221822198428,0.9938675731592896,0.9114864961114423,0.9758762717247009,0.007256924291141331,0.016866777557879686,1.0466226973823074
2025-02-05,oil,1,-0.995875609809642,-0.995875609809642,0.0,-0.995875609809642,-0.995875609809642,0.0003796072269324213,0.9979357719421387,0.0016846719663590193,-0.6902883711279695
2025-02-06,gold,1,0.9849374029936525,0.9849374029936525,0.0,0.9849374029936525,0.9849374029936525,0.992445170879364,0.0031468227971345186,0.00440811924636364,0.6827065839130848
2025-02-06,oil,2,0.012264256875253898,0.012264256875253898,1.387938722889534,0.9936851397018397,-0.9691566259513319,0.4997459901496768,0.4925261458265595,0.007727876421995461,0.013473663314536286
2025-02-07,gold,3,0.6640054830803429,0.9937881998041409,0.5739800008241545,0.9969951960184077,0.0012330534184799673,0.6768337426086267,0.0003035154950339347,0.3228627073112875,0.9205070569469683
2025-02-07,oil,2,-0.9698393210478251,-0.9698393210478251,0.027658266158680184,-0.95028197349116,-0.9893966686044903,0.0013550925650633872,0.9847550690174103,0.01388980564661324,-1.0654773961366768
2025-02-08,gold,1,-0.9773521981227709,-0.9773521981227709,0.0,-0.9773521981227709,-0.9773521981227709,0.0010822874028235674,0.9886118769645691,0.010305910371243954,-0.6774489205428637
2025-02-08,oil,1,-0.9144897827465519,-0.9144897827465519,0.0,-0.9144897827465519,-0.9144897827465519,0.012318174354732037,0.9563688635826111,0.031312838196754456,-0.6338760145616493
2025-02-09,gold,2,0.002541877102914536,0.002541877102914536,1.405108038325171,0.9961032993023704,-0.9910195450965413,0.4994221568631474,0.49805247675976716,0.0025253555504605174,0.002792537421546003
2025-02-10,gas,1,0.9275037798745156,0.9275037798745156,0.0,0.9275037798745156,0.9275037798745156,0.9630712866783142,0.0015831765485927463,0.03534555435180664,0.6428966299787127
2025-02-10,gold,2,0.8565260899643001,0.8565260899643001,0.06693549505171865,0.9038566324174491,0.8091955475111513,0.9252391755580902,0.010045452159829438,0.06471538916230202,0.940990087999627
2025-02-10,oil,2,0.8949191679485888,0.8949191679485888,0.13115424331809486,0.9876592227802042,0.8021791131169735,0.9463064074516296,0.038489733065944165,0.01520389667712152,0.9831691952729597
2025-02-11,gold,1,0.9361951358216409,0.9361951358216409,0.0,0.9361951358216409,0.9361951358216409,0.9677755832672119,0.019858185201883316,0.012366333045065403,0.6489210188487055
2025-02-11,oil,2,0.344509484495699,0.344509484495699,0.3616010608784992,0.6002000467271353,0.08881892226426266,0.5465023666620255,0.09101110126357526,0.3624865449965,0.3784823532296906
2025-02-12,gold,2,-0.9433198687923561,-0.9433198687923561,0.06750555689844341,-0.8955862317416925,-0.9910535058430198,0.017003238870529458,0.9712288975715637,0.011767859337851405,-1.0363428000000714
2025-02-12,oil,1,-0.9632307165725401,-0.9632307165725401,0.0,-0.9632307165725401,-0.9632307165725401,0.0047507318668067455,0.9814546704292297,0.013794581405818462,-0.667660655420992
2025-02-12,silver,1,-0.0572743350534437,-0.0572743350534437,0.0,-0.0572743350534437,-0.0572743350534437,0.10582166165113449,0.26167261600494385,0.6325057148933411,-0.03969954386074015
2025-02-13,gold,1,0.9927541126919726,0.9927541126919726,0.0,0.9927541126919726,0.9927541126919726,0.996370792388916,0.0008592914091423154,0.002769820624962449,0.6881247142017309
2025-02-13,oil,3,-0.23816054615160231,0.028104978213907117,0.6665691134867142,0.25411966399291597,-0.99670628066163,0.3094689087787022,0.5328500469525655,0.15768105625951043,-0.33016062217119974
2025-02-14,gold,1,0.9940228642878446,0.9940228642878446,0.0,0.9940228642878446,0.9940228642878446,0.9970071911811829,0.0007076621404848993,0.002285120775923133,0.6890041457932407
2025-02-14,oil,2,-0.24488038422338093,-0.24488038422338093,0.9553759841343284,0.43067245274077415,-0.920433221187536,0.3399369250983,0.499350531026721,0.16071255132555962,-0.2690285993615746
2025-02-16,oil,1,0.8339252396016031,0.8339252396016031,0.0,0.8339252396016031,0.8339252396016031,0.9131951332092285,0.00038992665940895677,0.0864148959517479,0.578032928627628
2025-02-16,silver,1,2.0632630867234783e-06,2.0632630867234783e-06,0.0,2.0632630867234783e-06,2.0632630867234783e-06,0.001445576548576355,0.00016251155466306955,0.9983919262886047,1.4301449913157888e-06
2025-02-17,gold,1,0.9893972433129327,0.9893972433129327,0.0,0.9893972433129327,0.9893972433129327,0.9946852922439575,0.0012497863499447703,0.00406494690105319,0.6857979096561414
2025-02-17,oil,3,0.01352446088866277,0.0014735195056493067,0.9480828298666749,0.9675753180529368,-0.9284754548925979,0.3436913853511214,0.3230807181292524,0.3332279057552417,0.0187488838671397
2025-02-18,gas,1,0.7658427065114125,0.7658427065114125,0.0,0.7658427065114125,0.7658427065114125,0.8751249313354492,0.0009492770186625421,0.1239258348941803,0.5308417127707832
2025-02-18,gold,3,0.9951971579484634,0.9950932266611052,0.0018224686671404712,0.9970693682895225,0.9934288788947627,0.9975955684979757,0.0005531733040697873,0.0018512219345817964,1.379636208266496
2025-02-18,oil,1,0.9922220007238283,0.9922220007238283,0.0,0.9922220007238283,0.9922220007238283,0.9961042404174805,0.0012901866575703025,0.00260556535795331,0.6877558822912696
2025-02-19,gas,1,-0.12455355668102996,-0.12455355668102996,0.0,-0.12455355668102996,-0.12455355668102996,0.0034833012614399195,0.3529386520385742,0.643578052520752,-0.08633394664216926
2025-02-19,gold,2,0.4360301529168702,0.4360301529168702,0.7887599526961643,0.9937676641967084,-0.12170735836296798,0.5560637675225735,0.1837951076668105,0.26014112459961325,0.47902808422430865
2025-02-19,oil,1,-0.43654052592031345,-0.43654052592031345,0.0,-0.43654052592031345,-0.43654052592031345,0.1343332976102829,0.6742299199104309,0.19143682718276978,-0.30258683474182096
2025-02-20,gold,2,0.556770889585455,0.556770889585455,0.5408359465748674,0.9391996549179891,0.1743421242529208,0.6934475153684616,0.011048925283830613,0.2955035539343953,0.6116753412712561
2025-02-20,oil,2,0.9730457532167489,0.9730457532167489,0.0308137066544832,0.9948343341456269,0.9512571722878708,0.986377477645874,0.003232553746784106,0.010389991162810475,1.0690000219202374
2025-02-21,gold,2,0.9829180783901523,0.9829180783901523,0.011000421053766618,0.990696550713178,0.9751396060671267,0.9914187490940094,0.0026219264836981893,0.005959299742244184,1.0798458796734658
2025-02-21,oil,1,-0.9901120090930741,-0.9901120090930741,0.0,-0.9901120090930741,-0.9901120090930741,0.0005647794459946454,0.9950438737869263,0.004391329362988472,-0.6862933475414073
2025-02-22,gas,1,0.00763285009276677,0.00763285009276677,0.0,0.00763285009276677,0.00763285009276677,0.0873725488781929,0.0010534146567806602,0.9115740656852722,0.005290688521438004
2025-02-22,oil,1,-0.9177445827331123,-0.9177445827331123,0.0,-0.9177445827331123,-0.9177445827331123,0.004274618346244097,0.9579994082450867,0.037725985050201416,-0.6361320699956202
2025-02-24,gold,2,-0.13888375063456626,-0.13888375063456626,1.1940580896663153,0.7054428216991399,-0.9832103229682724,0.4206319199874997,0.5040217516943812,0.07534635253250599,-0.1525793951434519
2025-02-24,oil,2,0.0002757026762360004,0.0002757026762360004,1.4055982684190005,0.9941837698993803,-0.9936323645469083,0.4989591447811108,0.4991688348236494,0.001872064603958279,0.0003028903481315553
2025-02-24,silver,1,0.007495775414272286,0.007495775414272286,0.0,0.007495775414272286,0.007495775414272286,0.08659229427576065,0.0015654132002964616,0.9118422865867615,0.005195675594513391
2025-02-25,gas,1,0.996751784195382,0.996751784195382,0.0,0.996751784195382,0.996751784195382,0.9983745813369751,0.0003120609326288104,0.0013132806634530425,0.690895688933124
2025-02-25,gold,3,0.011590901301766432,0.03815767850286611,0.9911067770693455,0.9891472062514123,-0.9925321808489791,0.3969242482174498,0.33432077678541344,0.26875497206735116,0.016068401114936005
2025-02-25,oil,4,-0.5046104918839357,-0.9938960307708665,0.9808401535389528,0.966647743176018,-0.9972976491700277,0.24616460179095156,0.7482747007452417,0.005560734920436516,-0.812139256650026
2025-02-26,gold,2,0.6263084659122317,0.6263084659122317,0.4354099626487424,0.9341898030973388,0.31842712872712453,0.7655400335788727,0.011755507497582585,0.2227044408209622,0.6880701771480496
2025-02-26,oil,3,-0.45191102531523636,-0.9647021519001502,0.9136360960903587,0.6029298156582036,-0.9939607397037625,0.2625921357151431,0.699120524028937,0.03828733538587888,-0.6264817061224203
2025-02-27,gold,1,0.9172159919381077,0.9172159919381077,0.0,0.9172159919381077,0.9172159919381077,0.9577591419219971,0.009305419400334358,0.032935429364442825,0.6357656787763928
2025-02-27,oil,3,0.33163343751686225,0.9935579875560608,1.150348929357703,0.9980149231013823,-0.9966725981068564,0.6653484085497136,0.33322484169426997,0.0014267525790880124,0.4597415643884317
2025-02-28,gold,1,-0.47966116229169864,-0.47966116229169864,0.0,-0.47966116229169864,-0.47966116229169864,0.035652272403240204,0.6934927701950073,0.2708549201488495,-0.33247578226659724
2025-02-28,oil,2,0.005473754796048835,0.005473754796048835,1.403927354881008,0.9982003077257023,-0.9872527981336047,0.49998780808527954,0.49697968912369106,0.003032528271432966,0.0060135342840952535
2025-03-03,gold,2,0.5257044418750647,0.5257044418750647,0.6412571272351046,0.9791417050272119,0.07226717872291744,0.6341179311275482,0.039075568318367004,0.3268065007869154,0.5775453600513561
2025-03-03,oil,2,0.0031994897119210775,0.0031994897119210775,1.4038852547519698,0.9958962733548427,-0.9894972939310005,0.49930365892942064,0.49773061045561917,0.0029657582635991275,0.003514998714983686
2025-03-03,silver,1,0.9975170563786554,0.9975170563786554,0.0,0.9975170563786554,0.9975170563786554,0.9987578392028809,0.0003060249437112361,0.0009362073033116758,0.691426135189321
2025-03-04,gold,1,-0.7051803333819975,-0.7051803333819975,0.0,-0.7051803333819975,-0.7051803333819975,0.028641171753406525,0.8402384519577026,0.13112038373947144,-0.4887937598700538
2025-03-04,oil,2,-0.5054164125237546,-0.5054164125237546,0.6863985858515482,-0.020059317871268245,-0.990773507176241,0.016009238897822797,0.570169560611248,0.41382121085189283,-0.5552566816931476
2025-03-05,gold,1,-0.9817183114299145,-0.9817183114299145,0.0,-0.9817183114299145,-0.9817183114299145,0.0008376392652280629,0.9908173084259033,0.008344977162778378,-0.6804752796717155
2025-03-05,oil,2,-0.9948680856993011,-0.9948680856993011,0.0010986976686744622,-0.9940911891273074,-0.9956449822712946,0.0003800034028245136,0.9974307119846344,0.00218922458589077,-1.0929743045529703
2025-03-05,silver,1,0.7248243890627555,0.7248243890627555,0.0,0.7248243890627555,0.7248243890627555,0.8513664603233337,0.0006748351152054965,0.14795871078968048,0.5024099816799338
2025-03-06,gold,3,0.18086864244439127,8.564917228376379e-05,0.7229362429508073,0.977039809643087,-0.4345195314821969,0.33784288571526605,0.2201550614942486,0.4420020480950673,0.25073717912406934
2025-03-06,oil,4,-0.5827677473103104,-0.6711374320930419,0.48486576943082255,0.0026082979707204856,-0.9914044230258786,0.08065521190292202,0.6622656965628266,0.25707906734896824,-0.9379285066650294
2025-03-07,gold,2,0.8800147396559133,0.8800147396559133,0.09004595900645698,0.9436868478878249,0.8163426314240017,0.9374822974205017,0.002699026226764545,0.0598186245188117,0.9667950071950536
2025-03-07,oil,2,-0.5710305092659538,-0.5710305092659538,0.5556549029648921,-0.1781231593799255,-0.9639378591519819,0.06520094379084185,0.7116186320781708,0.2231804197654128,-0.6273411346839858
2025-03-09,oil,1,-0.9776997750204564,-0.9776997750204564,0.0,-0.9776997750204564,-0.9776997750204564,0.0020513220224529505,0.9887891411781311,0.009159519337117672,-0.6776898424895221
2025-03-10,gold,2,0.9462933913661761,0.9462933913661761,0.06416590569850449,0.9916655384065651,0.900921244325787,0.9725000858306885,0.0022733176592737436,0.02522660919930786,1.039609548440302
2025-03-10,oil,2,-0.9946209711235059,-0.9946209711235059,0.0017333286395870935,-0.993395322688429,-0.9958466195585828,0.0005473904020618647,0.9973067939281464,0.0021457630791701376,-1.0927028214432928
2025-03-11,gold,1,-0.32858493777323616,-0.32858493777323616,0.0,-0.32858493777323616,-0.32858493777323616,0.06266254186630249,0.5766381025314331,0.36069929599761963,-0.2277577231919837
2025-03-11,oil,1,0.4008462656075551,0.4008462656075551,0.0,0.4008462656075551,0.4008462656075551,0.6485605239868164,0.14065739512443542,0.21078205108642578,0.2778454588438598
2025-03-11,silver,1,0.9265146538184117,0.9265146538184117,0.0,0.9265146538184117,0.9265146538184117,0.962558388710022,0.0019825021736323833,0.03545917943120003,0.6422110200417058
2025-03-12,gold,1,0.3500906764977274,0.3500906764977274,0.0,0.3500906764977274,0.3500906764977274,0.6005352735519409,0.10272268205881119,0.2967420220375061,0.24266436535472366
2025-03-12,oil,1,0.9880624990160218,0.9880624990160218,0.0,0.9880624990160218,0.9880624990160218,0.9940170049667358,0.002706458792090416,0.003276518313214183,0.6848727354099693
2025-03-13,gas,1,-0.9384697605497784,-0.9384697605497784,0.0,-0.9384697605497784,-0.9384697605497784,0.016414891928434372,0.9688855409622192,0.014699548482894897,-0.6504976685658459
2025-03-13,oil,2,-0.9840548244309352,-0.9840548244309352,0.004553574555287711,-0.9808349609842527,-0.9872746878776176,0.0012186959211248904,0.9919949471950531,0.006786379963159561,-1.0810947228429646
2025-03-14,gas,1,0.0009739882314076936,0.0009739882314076936,0.0,0.0009739882314076936,0.0009739882314076936,0.031429849565029144,0.0037210204172879457,0.9648491740226746,0.0006751171964988104
2025-03-14,gold,1,0.9857942252538544,0.9857942252538544,0.0,0.9857942252538544,0.9857942252538544,0.9928719401359558,0.0006917933933436871,0.006436252035200596,0.6833004878469848
2025-03-14,oil,2,0.0014247619942496792,0.0014247619942496792,1.4083777815970009,0.9972982418339553,-0.994448717845456,0.49959561906871386,0.49881492053100374,0.0015895063406787813,0.0015652610353099803
2025-03-16,gold,1,0.9760818986555243,0.9760818986555243,0.0,0.9760818986555243,0.9760818986555243,0.9879740476608276,0.0032917754724621773,0.008734161034226418,0.6765684160486749
2025-03-17,gold,1,0.99599188479303,0.99599188479303,0.0,0.99599188479303,0.99599188479303,0.9979941844940186,0.0007087894482538104,0.0012970311800017953,0.6903689668048746
2025-03-17,oil,2,0.9880849037887434,0.9880849037887434,0.002378982436272217,0.9897670984017551,0.9864027091757316,0.9940244555473328,0.0006691653688903898,0.005306360544636846,1.0855222175497603
2025-03-18,gold,1,0.9968901210036248,0.9968901210036248,0.0,0.9968901210036248,0.9968901210036248,0.998444139957428,0.0007365081110037863,0.0008193891844712198,0.6909915767017253
2025-03-18,oil,2,0.8876831629705573,0.8876831629705573,0.04314938167234106,0.9181943833550762,0.8571719425860385,0.9427257180213928,0.02772287791594863,0.029551350511610508,0.9752196312832306
2025-03-19,gold,1,-0.03175376771531724,-0.03175376771531724,0.0,-0.03175376771531724,-0.03175376771531724,0.20375502109527588,0.2706840932369232,0.5255609154701233,-0.02201003456402756
2025-03-19,oil,1,0.9850900476420694,0.9850900476420694,0.0,0.9850900476420694,0.9850900476420694,0.9925174713134766,0.0009319966775365174,0.006550546735525131,0.6828123891207626
2025-03-20,gold,1,0.9178739139672254,0.9178739139672254,0.0,0.9178739139672254,0.9178739139672254,0.9580694437026978,0.004802612587809563,0.0371280275285244,0.636221715575904
2025-03-20,oil,2,0.03823677563526895,0.03823677563526895,1.3463400950673254,0.9902429866407159,-0.913769435370178,0.4981870735064149,0.4786382061429322,0.02317465131636709,0.04200739159195184
2025-03-21,gold,3,0.424739797275237,0.3292921736411155,0.47963250602780333,0.944919590317491,7.627867104620378e-06,0.5172882117331028,0.02357623598072678,0.4591355634232362,0.5888143859058664
2025-03-21,oil,2,0.0025175186075450107,0.0025175186075450107,1.4064672481191856,0.9970400472694037,-0.9920050100543136,0.49966103947372176,0.49827957910019904,0.0020594173984136432,0.002765776879199577
2025-03-23,oil,1,0.18873923068434828,0.18873923068434828,0.0,0.18873923068434828,0.18873923068434828,0.44893407821655273,0.11314836889505386,0.4379176199436188,0.1308240656099091
2025-03-24,gold,1,0.9947433793784919,0.9947433793784919,0.0,0.9947433793784919,0.9947433793784919,0.9973684549331665,0.0006590458215214312,0.0019725204911082983,0.6895035687968737
2025-03-24,oil,4,0.028491070992794826,0.06406305454610639,1.0373496727924163,0.9816954535101865,-0.99585727863122,0.4804977825988317,0.46815675668767653,0.05134544969769195,0.045854609821655457
2025-03-25,gas,1,0.9971704919614135,0.9971704919614135,0.0,0.9971704919614135,0.9971704919614135,0.9985842704772949,0.0002759514900390059,0.0011397551279515028,0.6911859150406273
2025-03-25,gold,2,0.015641849494959115,0.015641849494959115,1.388711332548072,0.9976090498503075,-0.9663253508603893,0.5000221558148041,0.4917122236220166,0.008265603013569489,0.01718432807265915
2025-03-25,oil,1,-0.8305928838428056,-0.8305928838428056,0.0,-0.8305928838428056,-0.8305928838428056,0.06605395674705505,0.9137592911720276,0.020186791196465492,-0.5757231156287949
2025-03-26,gold,3,-0.23649918991638152,-5.1648622171829306e-05,0.4095825760418021,-1.5110302210574744e-06,-0.7094444100967516,0.023338748491369188,0.2849101658988123,0.6917511150240898,-0.3278574933905018
2025-03-26,oil,1,0.9944624610471009,0.9944624610471009,0.0,0.9944624610471009,0.9944624610471009,0.9972280859947205,0.0011671887477859855,0.0016047575045377016,0.6893088510475024
2025-03-27,gold,1,-0.02010285482092261,-0.02010285482092261,0.0,-0.02010285482092261,-0.02010285482092261,0.011110260151326656,0.1422191709280014,0.8466705679893494,-0.013934237140328412
2025-03-27,oil,1,0.9457218909737098,0.9457218909737098,0.0,0.9457218909737098,0.9457218909737098,0.9726578593254089,0.018477587029337883,0.008864552713930607,0.6555244623222469
2025-03-28,gold,1,0.8122483816202744,0.8122483816202744,0.0,0.8122483816202744,0.8122483816202744,0.9017444849014282,0.029912030324339867,0.06834349036216736,0.5630076756344716
2025-03-28,oil,1,-0.5896031732244039,-0.5896031732244039,0.0,-0.5896031732244039,-0.5896031732244039,0.04182504862546921,0.7689945101737976,0.18918050825595856,-0.4086817771696926
2025-03-30,gold,2,-0.48414156719806173,-0.48414156719806173,0.463703652094499,-0.1562535703410739,-0.8120295640550496,0.08993042632937431,0.6563166975975037,0.2537528518587351,-0.5318838751788281
2025-03-30,oil,1,-0.8863020522054869,-0.8863020522054869,0.0,-0.8863020522054869,-0.8863020522054869,0.005429691169410944,0.9414518475532532,0.0531185120344162,-0.6143377686107266
2025-03-31,gold,2,-0.33861366838629625,-0.33861366838629625,0.4254656738076894,-0.037764005274775414,-0.6394633314978171,0.20451684668660164,0.5883852243423462,0.20709794759750366,-0.3720051372001733
2025-03-31,oil,2,0.19509659573506338,0.19509659573506338,0.7283043635189281,0.7100855499470499,-0.3198923584769231,0.43467260245233774,0.31575455889105797,0.24957288056612015,0.21433551755185498
2025-04-01,gold,1,-0.21713835530658088,-0.21713835530658088,0.0,-0.21713835530658088,-0.21713835530658088,0.31057029962539673,0.5599930882453918,0.12943658232688904,-0.15050883877218016
2025-04-01,oil,1,-0.9831830420505171,-0.9831830420505171,0.0,-0.9831830420505171,-0.9831830420505171,0.0029252904932945967,0.991560161113739,0.005514501594007015,-0.6814905535716661
2025-04-02,gold,1,0.9817188180008377,0.9817188180008377,0.0,0.9817188180008377,0.9817188180008377,0.9908180236816406,0.0012335691135376692,0.007948423735797405,0.6804756307999227
2025-04-02,oil,2,-0.48800893378493426,-0.48800893378493426,0.7165255391712873,0.01865113385643012,-0.9946690014262987,0.06850578713056166,0.49894106516148895,0.4325531283393502,-0.5361326116359507
2025-04-03,gold,2,-0.038880341824325315,-0.038880341824325315,0.5713330493689573,0.365113131700453,-0.44287381534910364,0.3677307441830635,0.3923696391284466,0.23989959806203842,-0.04271442131582046
2025-04-03,oil,3,0.33415811260529216,0.9973382480932181,1.1489574232989108,0.9976797177274123,-0.992543628004754,0.6661641452616701,0.3323624772698774,0.0014734196205002565,0.46324150722718194
2025-04-04,gold,3,0.3325044969567327,0.9939310051100673,1.1465991451773427,0.9950564795895147,-0.991473993829384,0.6650417228229344,0.33260062632810633,0.00235769086672614,0.4609491091781243
2025-04-04,oil,1,-0.9966103539159681,-0.9966103539159681,0.0,-0.9966103539159681,-0.9966103539159681,0.0003850861394312233,0.9983037710189819,0.0013110596919432282,-0.6907976569337025
2025-04-05,oil,1,-0.98993419652586,-0.98993419652586,0.0,-0.98993419652586,-0.98993419652586,0.0006306229042820632,0.994954526424408,0.004414765629917383,-0.6861700972617747
2025-04-06,gold,1,0.9976501179145315,0.9976501179145315,0.0,0.9976501179145315,0.9976501179145315,0.998824417591095,0.00036144914338365197,0.000814101833384484,0.6915183664177544
2025-04-06,oil,2,-0.9759499208119862,-0.9759499208119862,0.028009913393347352,-0.9561439211111024,-0.99575592051287,0.0030754375038668513,0.987858772277832,0.009065835154615343,-1.0721905761287167
2025-04-07,gold,1,-0.9960836863767397,-0.9960836863767397,0.0,-0.9960836863767397,-0.9960836863767397,0.00042322406079620123,0.9980400204658508,0.0015367724699899554,-0.6904325988137939
2025-04-07,oil,1,-0.9957515666743908,-0.9957515666743908,0.0,-0.9957515666743908,-0.9957515666743908,0.0005438100197352469,0.9978736639022827,0.001582512748427689,-0.6902023909785023
2025-04-08,gold,1,0.9919054209002852,0.9919054209002852,0.0,0.9919054209002852,0.9919054209002852,0.9959469437599182,0.0022189742885529995,0.0018340517999604344,0.6875364458791585
2025-04-08,oil,2,-0.9932669550755495,-0.9932669550755495,0.0051785269417084535,-0.9896051835585102,-0.9969287265925888,0.0006692495371680707,0.9966263771057129,0.0027043837471865118,-1.091215282773954
2025-04-09,gold,2,0.2624791648479933,0.2624791648479933,1.0392127442328851,0.9973135433905476,-0.472355213694561,0.5276942104101181,0.34507335917442106,0.12723247180110775,0.28836283602134793
2025-04-09,oil,2,0.9257454379871597,0.9257454379871597,0.09236016770546257,0.991053938883219,0.8604369370911003,0.9615629017353058,0.0024047542610787787,0.036032380536198616,1.0170353143511353
2025-04-10,gold,1,0.9761834477463068,0.9761834477463068,0.0,0.9761834477463068,0.9761834477463068,0.9880236387252808,0.002677089301869273,0.009299369528889656,0.6766388045146392
2025-04-10,oil,1,-0.9819429260357011,-0.9819429260357011,0.0,-0.9819429260357011,-0.9819429260357011,0.001248546177521348,0.9909311532974243,0.007820366881787777,-0.6806309706524291
2025-04-11,gold,3,0.3297350695141343,-3.0998940433568656e-05,0.5779522104703813,0.9970815478441836,-0.007845340361347167,0.3350715055906524,0.03180090000387281,0.6331276032918444,0.4571098675309195
2025-04-11,oil,1,0.955337532123106,0.955337532123106,0.0,0.955337532123106,0.955337532123106,0.9774208664894104,0.0037512469571083784,0.018827831372618675,0.6621895168742271
2025-04-12,oil,1,-0.8762860207607475,-0.8762860207607475,0.0,-0.8762860207607475,-0.8762860207607475,0.007341290824115276,0.9361302852630615,0.05652841925621033,-0.6073951846544058
2025-04-14,gold,3,0.38755127772102865,0.9761334378037593,1.032178872510313,0.9907965509717854,-0.8042761556124587,0.6649241329481205,0.30050133558688685,0.034574581465373434,0.5372601509494707
2025-04-14,oil,3,0.3200326105768138,0.8742574106750014,1.0618234125394792,0.9900712611178981,-0.904230840062458,0.6505494620651007,0.33309428455928963,0.016356227065746982,0.44365940341711485
2025-04-15,gold,2,0.9886767697705396,0.9886767697705396,0.0032779393579546313,0.9909946229188676,0.9863589166222116,0.9943222999572754,0.0009690521837910637,0.004708603722974658,1.0861724487906064
2025-04-15,oil,1,-0.28283284804006215,-0.28283284804006215,0.0,-0.28283284804006215,-0.28283284804006215,0.05576598644256592,0.5347360968589783,0.4094979166984558,-0.19604479118870852
2025-04-16,gas,1,0.9867392199565471,0.9867392199565471,0.0,0.9867392199565471,0.9867392199565471,0.9933558702468872,0.004069789778441191,0.0025744428858160973,0.6839555082608003
2025-04-16,gold,2,0.9644371183015927,0.9644371183015927,0.03897330817305719,0.9919954087960347,0.9368788278071509,0.9820692837238312,0.010586139615043066,0.007344559766352177,1.0595424698137894
2025-04-16,oil,1,0.9961677691468146,0.9961677691468146,0.0,0.9961677691468146,0.9961677691468146,0.9980823993682861,0.0008126505999825895,0.0011049965396523476,0.690490880548805
2025-04-17,gold,1,0.9887863486769227,0.9887863486769227,0.0,0.9887863486769227,0.9887863486769227,0.9943822622299194,0.003131797071546316,0.0024858666583895683,0.685374469761572
2025-04-17,oil,1,0.9972020838360821,0.9972020838360821,0.0,0.9972020838360821,0.9972020838360821,0.9986003041267395,0.0006479528383351862,0.0007518068887293339,0.6912078128594825
2025-04-17,silver,1,0.9933444686301531,0.9933444686301531,0.0,0.9933444686301531,0.9933444686301531,0.9966667294502258,0.00039963371818885207,0.0029335778672248125,0.6885339177558076
2025-04-21,gold,1,-0.938505533154803,-0.938505533154803,0.0,-0.938505533154803,-0.938505533154803,0.010765854269266129,0.9688247442245483,0.020409347489476204,-0.65052246424616
2025-04-21,oil,2,-0.9934764336735873,-0.9934764336735873,0.0001438717169426909,-0.9933747010069162,-0.9935781663402584,0.00046965757792349905,0.9967329800128937,0.0027973371325060725,-1.0914454185359712
2025-04-22,gas,1,0.9963611408874414,0.9963611408874414,0.0,0.9963611408874414,0.9963611408874414,0.9981790781021118,0.000526095915120095,0.0012948804069310427,0.6906249156256205
2025-04-22,gold,1,0.8799913180501168,0.8799913180501168,0.0,0.8799913180501168,0.8799913180501168,0.9381664991378784,0.012848285026848316,0.04898519814014435,0.6099635010236685
2025-04-22,oil,1,0.9971030559326097,0.9971030559326097,0.0,0.9971030559326097,0.9971030559326097,0.9985505938529968,0.0005627830396406353,0.000886538764461875,0.6911391719473938
2025-04-23,gold,1,-0.34713566098961435,-0.34713566098961435,0.0,-0.34713566098961435,-0.34713566098961435,0.22788186371326447,0.6317165493965149,0.14040157198905945,-0.24061610468676417
2025-04-23,oil,1,-0.9375374458177668,-0.9375374458177668,0.0,-0.9375374458177668,-0.9375374458177668,0.002813485683873296,0.9682692289352417,0.028917221352458,-0.6498514372379575
2025-04-23,silver,1,0.9976819861676581,0.9976819861676581,0.0,0.9976819861676581,0.9976819861676581,0.9988403916358948,0.00039556322735734284,0.0007640304393135011,0.6915404558075585
2025-04-24,gold,1,0.9692366390665288,0.9692366390665288,0.0,0.9692366390665288,0.9692366390665288,0.9845046997070312,0.003584316000342369,0.011911001987755299,0.6718236436643618
2025-04-24,oil,1,0.981169288280248,0.981169288280248,0.0,0.981169288280248,0.981169288280248,0.9905434250831604,0.0026440925430506468,0.006812479812651873,0.6800947258234621
2025-04-25,gold,1,0.9956043976141341,0.9956043976141341,0.0,0.9956043976141341,0.9956043976141341,0.997799813747406,0.0004203330317977816,0.001779746962711215,0.6901003811593198
2025-04-25,oil,1,-0.9831926061291472,-0.9831926061291472,0.0,-0.9831926061291472,-0.9831926061291472,0.0017055351054295897,0.9915621876716614,0.006732334848493338,-0.6814971828858032
2025-04-27,gold,1,0.0007519014945384095,0.0007519014945384095,0.0,0.0007519014945384095,0.0007519014945384095,0.036480486392974854,0.024060847237706184,0.9394586682319641,0.0005211784009981076
2025-04-28,gold,2,0.44719418964634816,0.44719418964634816,0.7725119052987196,0.9934425964304128,-0.09905421713771645,0.6906653940677643,0.2487098942947341,0.06062472122721374,0.49129303216645526
2025-04-28,oil,2,-0.010539630495189856,-0.010539630495189856,1.3946078560651025,0.9755970416244768,-0.9966763026148565,0.4940394002769608,0.5014992051292211,0.0044613370555453,-0.011578967580036731
2025-04-29,gas,1,0.9457501835735264,0.9457501835735264,0.0,0.9457501835735264,0.9457501835735264,0.9724970459938049,0.0004934514872729778,0.02700958214700222,0.6555440732580404
2025-04-29,gold,1,-0.9880608669290043,-0.9880608669290043,0.0,-0.9880608669290043,-0.9880608669290043,0.0008900323882699013,0.9940128922462463,0.0050970460288226604,-0.6848716041334546
2025-04-29,oil,1,-0.9964058433386502,-0.9964058433386502,0.0,-0.9964058433386502,-0.9964058433386502,0.00041785917710512877,0.9982013702392578,0.001380728092044592,-0.6906559010036399
2025-04-30,gold,1,0.33707204102242294,0.33707204102242294,0.0,0.33707204102242294,0.33707204102242294,0.5822024941444397,0.043447960168123245,0.3743495047092438,0.23364053488027867
2025-04-30,oil,1,-0.9949337805658963,-0.9949337805658963,0.0,-0.9949337805658963,-0.9949337805658963,0.000489080382976681,0.9974638223648071,0.00204715458676219,-0.6896355448430983
2025-05-01,gold,3,-0.0014905415775990916,1.3117547185306604e-06,0.9779932928745418,0.9757559712402166,-0.9802289077277324,0.3299273137236014,0.3302691971208939,0.33980351717521745,-0.0020663293840403663
2025-05-01,oil,1,0.9943614741924544,0.9943614741924544,0.0,0.9943614741924544,0.9943614741924544,0.9971771240234375,0.0008425843552686274,0.001980324275791645,0.6892388522939306
2025-05-02,gold,1,-0.9933444580523852,-0.9933444580523852,0.0,-0.9933444580523852,-0.9933444580523852,0.0011173333041369915,0.9966673254966736,0.002215392654761672,-0.6885339104238577
2025-05-02,oil,1,-0.9954107548815064,-0.9954107548815064,0.0,-0.9954107548815064,-0.9954107548815064,0.0005474737263284624,0.9977028965950012,0.0017496449872851372,-0.6899661582451629
2025-05-04,oil,3,-0.3443054836771238,-0.02385509697694488,0.563562750525399,-0.014034361008904817,-0.9950269930455219,0.033225561356327184,0.4314233809709549,0.5353510826826096,-0.4773087505242533
2025-05-05,gas,1,-0.3234842898927859,-0.3234842898927859,0.0,-0.3234842898927859,-0.3234842898927859,0.32071956992149353,0.6529512405395508,0.0263291597366333,-0.22422222349462054
2025-05-05,gold,1,0.09522243217033544,0.09522243217033544,0.0,0.09522243217033544,0.09522243217033544,0.3093200922012329,0.021365424618124962,0.6693145036697388,0.06600316038492864
2025-05-05,oil,2,-0.9848383225381387,-0.9848383225381387,0.0019006836568451495,-0.9834943362354931,-0.9861823088407844,0.0010258789116051048,0.9923905730247498,0.006583662703633308,-1.0819554834916867
2025-05-06,gold,1,0.9679661765220335,0.9679661765220335,0.0,0.9679661765220335,0.9679661765220335,0.983857274055481,0.0029916642233729362,0.013151071034371853,0.6709430261336379
2025-05-06,oil,1,0.9824282906323454,0.9824282906323454,0.0,0.9824282906323454,0.9824282906323454,0.991177499294281,0.0021363634150475264,0.006686117500066757,0.6809673997541367
2025-05-07,gold,2,0.0009909014129359517,0.0009909014129359517,1.4082088468235967,0.9967449263287894,-0.9947631235029175,0.49940313477418385,0.4988348287297413,0.001762051833793521,0.0010886164691100296
2025-05-07,oil,3,-0.41818268488203203,-0.26196214827261816,0.5144642477155171,6.359218522755672e-05,-0.9926494985587055,0.008106561746293059,0.503016187925823,0.48887729543882114,-0.5797242979699371
2025-05-08,gold,1,0.8161716517339477,0.8161716517339477,0.0,0.8161716517339477,0.8161716517339477,0.9049992561340332,0.05340404808521271,0.041596706956624985,0.5657270792523394
2025-05-08,oil,2,0.43089080865157714,0.43089080865157714,0.8013025498203963,0.9974972754116507,-0.1357156581084964,0.5172582305967808,0.18528612141381018,0.29745561434538104,0.4733819374587617
2025-05-09,gold,1,-0.22750300970469706,-0.22750300970469706,0.0,-0.22750300970469706,-0.22750300970469706,0.20109577476978302,0.5176316499710083,0.2812725901603699,-0.15769306974571262
2025-05-09,oil,2,0.3664159089041139,0.3664159089041139,0.8923784018597342,0.9974227282435459,-0.2645909104353181,0.5221146736294031,0.25842252613801975,0.21946277748793364,0.4025490202855542
2025-05-11,gold,1,-0.9031437891085556,-0.9031437891085556,0.0,-0.9031437891085556,-0.9031437891085556,0.014852768741548061,0.950454831123352,0.034692391753196716,-0.6260115710608212
2025-05-12,oil,1,0.9967151971840463,0.9967151971840463,0.0,0.9967151971840463,0.9967151971840463,0.9983564019203186,0.0005454894271679223,0.0010981191881000996,0.6908703287493716
2025-05-13,gold,1,0.8222675583785406,0.8222675583785406,0.0,0.8222675583785406,0.8222675583785406,0.9068209528923035,0.007524670567363501,0.08565444499254227,0.5699524397559956
2025-05-13,oil,1,0.9965016782231448,0.9965016782231448,0.0,0.9965016782231448,0.9965016782231448,0.9982494711875916,0.0005915991496294737,0.0011589081259444356,0.6907223286836267
2025-05-14,gold,1,-0.9955970026903899,-0.9955970026903899,0.0,-0.9955970026903899,-0.9955970026903899,0.00038573809433728456,0.9977961778640747,0.0018181452760472894,-0.690095255388776
2025-05-14,oil,2,-0.9922103873327319,-0.9922103873327319,0.0045290037043165515,-0.9890078981013908,-0.9954128765640732,0.0004087395645910874,0.9960963428020477,0.0034948645625263453,-1.0900545244678843
2025-05-15,gold,1,0.9900242558334312,0.9900242558334312,0.0,0.9900242558334312,0.9900242558334312,0.994999885559082,0.0006584431976079941,0.004341754596680403,0.6862325216169008
2025-05-15,oil,3,-0.9897746065935763,-0.995798619284713,0.01047095329002433,-0.9776838164018841,-0.9958413840941318,0.0008580579014960676,0.9948654373486837,0.004276523444180687,-1.3721189559003328
2025-05-16,gas,1,0.9951997318412381,0.9951997318412381,0.0,0.9951997318412381,0.9951997318412381,0.9975970387458801,0.00026747866650111973,0.0021355310454964638,0.6898198882197678
2025-05-16,gold,1,-0.9956504164747416,-0.9956504164747416,0.0,-0.9956504164747416,-0.9956504164747416,0.0005478885141201317,0.9978229999542236,0.0016291341744363308,-0.6901322790028025
2025-05-16,oil,1,0.9695308217319748,0.9695308217319748,0.0,0.9695308217319748,0.9695308217319748,0.9846650958061218,0.005877393297851086,0.009457495994865894,0.6720275555494852
2025-05-19,gold,2,0.22472722071595344,0.22472722071595344,0.31649366438990795,0.4485220370086367,0.000932404423270191,0.3504405729472637,0.01467953588871751,0.6348798871040344,0.24688808627677705
2025-05-19,oil,1,0.9890589656940106,0.9890589656940106,0.0,0.9890589656940106,0.9890589656940106,0.9945192933082581,0.0030957739800214767,0.0023850086145102978,0.6855634334783391
2025-05-20,gold,1,-0.98559673379519,-0.98559673379519,0.0,-0.98559673379519,-0.98559673379519,0.0022388645447790623,0.9927747249603271,0.004986317828297615,-0.6831635971992269
2025-05-20,oil,2,-0.4939632485940491,-0.4939632485940491,0.6985735655095877,2.8567354452314897e-06,-0.9879293539235434,0.0011730094265658408,0.49702978719142266,0.5017972537316382,-0.5426740950558427
2025-05-21,gas,1,-0.980286004417599,-0.980286004417599,0.0,-0.980286004417599,-0.980286004417599,0.001380845089443028,0.9900949001312256,0.008524254895746708,-0.6794824801044329
2025-05-21,gold,1,-0.3634771341380254,-0.3634771341380254,0.0,-0.3634771341380254,-0.3634771341380254,0.23933634161949158,0.6486594080924988,0.11200427263975143,-0.25194315072578133
2025-05-21,oil,1,-0.9905483189505276,-0.9905483189505276,0.0,-0.9905483189505276,-0.9905483189505276,0.0005441432003863156,0.9952630996704102,0.0041927797719836235,-0.6865957744889517
2025-05-22,gold,1,0.07188581789106596,0.07188581789106596,0.0,0.07188581789106596,0.07188581789106596,0.31072869896888733,0.15705575048923492,0.5322155356407166,0.04982745199343804
2025-05-22,oil,1,-0.9773530506243969,-0.9773530506243969,0.0,-0.9773530506243969,-0.9773530506243969,0.0014227395877242088,0.988612711429596,0.009964567609131336,-0.6774495114519622
2025-05-23,gold,1,0.993805656201308,0.993805656201308,0.0,0.993805656201308,0.993805656201308,0.9968993663787842,0.0016328360652551055,0.0014678220031782985,0.688853588620463
2025-05-23,oil,2,0.003307269211162145,0.003307269211162145,1.3990309687743188,0.9925715543214679,-0.9859570158991436,0.4984089568897616,0.49688750519999303,0.004703533952124417,0.003633406597316418
2025-05-25,gold,1,0.13865972224897627,0.13865972224897627,0.0,0.13865972224897627,0.13865972224897627,0.374619722366333,0.04099046066403389,0.5843898057937622,0.09611159553410302
2025-05-26,gas,2,-0.003478019664565575,-0.003478019664565575,0.0051131560414767,0.0001375276456275637,-0.007093566974758714,0.01287332596257329,0.042808687197975814,0.9443179666996002,-0.0038209951437210778
2025-05-26,gold,1,-0.9799452532306921,-0.9799452532306921,0.0,-0.9799452532306921,-0.9799452532306921,0.0009698098874650896,0.9899223446846008,0.009107900783419609,-0.6792462893799559
2025-05-26,oil,2,0.949151619711455,0.949151619711455,0.05760618349094079,0.9898853426961758,0.9084178967267342,0.97416552901268,0.012891016551293433,0.012943458510562778,1.042749633224245
2025-05-27,gas,1,-0.7726611585613914,-0.7726611585613914,0.0,-0.7726611585613914,-0.7726611585613914,0.005522477440536022,0.8790287971496582,0.11544869095087051,-0.5355679035850093
2025-05-27,gold,1,0.9210573922439006,0.9210573922439006,0.0,0.9210573922439006,0.9210573922439006,0.9598292112350464,0.014652601443231106,0.025518212467432022,0.6384283345677553
2025-05-27,oil,2,-0.9876733649135622,-0.9876733649135622,0.001027294424428384,-0.9869469580597737,-0.9883997717673506,0.0016516002942807972,0.9938189685344696,0.004529474652372301,-1.0850700958842217
2025-05-28,gold,2,0.46004746481168607,0.46004746481168607,0.6419652738188929,0.913985463215304,0.006109466408068087,0.5177672430872917,0.009335310198366642,0.47289743088185787,0.5054137982127281
2025-05-28,oil,1,0.9926535392005174,0.9926535392005174,0.0,0.9926535392005174,0.9926535392005174,0.9963201284408569,0.000523370283190161,0.0031564864329993725,0.6880550019696897
2025-05-29,gold,1,-0.39307151957134767,-0.39307151957134767,0.0,-0.39307151957134767,-0.39307151957134767,0.14616741240024567,0.6437673568725586,0.21006518602371216,-0.272456415549293
2025-05-29,oil,2,-0.9906788860729789,-0.9906788860729789,0.007606750633376998,-0.985300101117323,-0.996057671028635,0.0008729383116587996,0.9953252971172333,0.0038017488550394773,-1.088371998363809
2025-05-30,oil,1,-0.9883116429435821,-0.9883116429435821,0.0,-0.9883116429435821,-0.9883116429435821,0.0005769634153693914,0.9941388368606567,0.005284251179546118,-0.6850454288209112
2025-06-01,gold,1,0.9963367203120358,0.9963367203120358,0.0,0.9963367203120358,0.9963367203120358,0.9981667995452881,0.0004965332918800414,0.0013366600032895803,0.6906079885726304
2025-06-01,oil,1,0.0001543008880881304,0.0001543008880881304,0.0,0.0001543008880881304,0.0001543008880881304,0.01243690587580204,0.000613640935625881,0.9869493842124939,0.00010695322553618323
2025-06-02,gold,1,-0.16649068448993942,-0.16649068448993942,0.0,-0.16649068448993942,-0.16649068448993942,0.032052572816610336,0.40928971767425537,0.5586577653884888,-0.11540254854369693
2025-06-02,oil,2,0.946649301593083,0.946649301593083,0.00900283321475631,0.9530152660091287,0.9402833371770373,0.9729976952075958,0.0077808190835639834,0.019221478141844273,1.0400005557892447
2025-06-03,gold,1,0.9602067326207232,0.9602067326207232,0.0,0.9602067326207232,0.9602067326207232,0.9799271821975708,0.007104355841875076,0.01296854205429554,0.6655645894707315
2025-06-03,oil,2,-0.0026249800296584413,-0.0026249800296584413,1.3862255499480147,0.9775845065926339,-0.9828344666519507,0.494712793151848,0.4978006894234568,0.007486430462449789,-0.002883835318091143
2025-06-04,gold,1,0.8597337633565664,0.8597337633565664,0.0,0.8597337633565664,0.8597337633565664,0.9284147620201111,0.047119054943323135,0.02446618489921093,0.5959220341027952
2025-06-04,oil,1,-0.9926500702818889,-0.9926500702818889,0.0,-0.9926500702818889,-0.9926500702818889,0.0004469649284146726,0.9963183403015137,0.0032346597872674465,-0.6880525974985228
2025-06-05,gold,2,0.6260507805414924,0.6260507805414924,0.5154354704975748,0.9905186969944062,0.26158286408857867,0.7581063807010651,0.050171420036349446,0.19172222504857928,0.6877870808331455
2025-06-05,oil,1,0.9922541410477947,0.9922541410477947,0.0,0.9922541410477947,0.9922541410477947,0.9961198568344116,0.0007403112249448895,0.0031399123836308718,0.6877781602662092
2025-06-06,gold,3,-0.004711758478218475,-4.7770146355263776e-05,0.9861595661404289,0.9791075416813754,-0.9931950469696755,0.33189199535020936,0.3360420693643391,0.33206595239850384,-0.0065318842093131085
2025-06-06,oil,1,0.997593018345813,0.997593018345813,0.0,0.997593018345813,0.997593018345813,0.9987958669662476,0.00043637611088342965,0.0007677319808863103,0.691478788012686
2025-06-09,gold,1,-0.9125582591931525,-0.9125582591931525,0.0,-0.9125582591931525,-0.9125582591931525,0.0160943865776062,0.9554147124290466,0.028490884229540825,-0.6325371844564254
2025-06-09,oil,2,0.9793028906963095,0.9793028906963095,0.016381359775263712,0.990886261278455,0.9677195201141641,0.989583283662796,0.0021078894496895373,0.008308823220431805,1.0758741900471682
2025-06-10,gold,2,-0.49142441122890906,-0.49142441122890906,0.6970655276340805,0.0014753502925280298,-0.9843241727503461,0.019493416912155226,0.4962721488409443,0.4842344361823052,-0.5398848971275702
2025-06-10,oil,2,0.56309403900096,0.56309403900096,0.6061495009836869,0.9917064615593668,0.13448161644255308,0.6825261265039444,0.021817751083290204,0.29565609619021416,0.6186220309222146
2025-06-11,gold,1,0.9918464241846375,0.9918464241846375,0.0,0.9918464241846375,0.9918464241846375,0.9959158301353455,0.0013674742076545954,0.00271674245595932,0.6874955524720451
2025-06-11,oil,1,0.9899030355150542,0.9899030355150542,0.0,0.9899030355150542,0.9899030355150542,0.994941771030426,0.0024818277452141047,0.0025763334706425667,0.6861484980949912
2025-06-12,gold,2,0.4122930216639499,0.4122930216639499,0.583069515266028,0.8245854298117115,6.135161882692142e-07,0.4546486512408592,0.0063700120081193745,0.5389813408255577,0.4529501801321225
2025-06-12,oil,1,-0.5452583080219315,-0.5452583080219315,0.0,-0.5452583080219315,-0.5452583080219315,0.08296313136816025,0.7430620193481445,0.17397481203079224,-0.37794425888228805
2025-06-13,gold,1,0.9947471450098421,0.9947471450098421,0.0,0.9947471450098421,0.9947471450098421,0.9973702430725098,0.0006018124404363334,0.002027838723734021,0.6895061789336271
2025-06-13,oil,3,0.32635854279806614,0.9679976992980831,1.133957274338442,0.9940143029655261,-0.9829363738694108,0.6604993844715258,0.33485716065236676,0.004643406292113165,0.4524290075842636
2025-06-15,oil,1,-0.8415143826740821,-0.8415143826740821,0.0,-0.8415143826740821,-0.8415143826740821,0.017671115696430206,0.9175111651420593,0.06481781601905823,-0.5832933217511829
2025-06-16,gold,1,0.679765561470865,0.679765561470865,0.0,0.679765561470865,0.679765561470865,0.8244881629943848,0.003895263420417905,0.1716165691614151,0.47117758237527824
2025-06-16,oil,7,0.050089731679937244,0.00011949867131651193,0.8602135018224943,0.997506253713169,-0.9967560855567125,0.444552660811626,0.3897169558580832,0.16573036032994942,0.10415866886685801
2025-06-17,gold,3,0.6580462435328993,0.983752089636936,0.5697032120334605,0.9901665785074962,0.00022006245426570148,0.6674787836770216,0.0017983612196985632,0.33072283677756786,0.9122457967657845
2025-06-17,oil,5,-0.007736936136874162,-0.028989913088686592,0.9835520394484424,0.9846372688134241,-0.99414569128428,0.4034573254175484,0.43287336740177124,0.1636693090898916,-0.013862728586057006
2025-06-18,gold,1,0.009565115078153302,0.009565115078153302,0.0,0.009565115078153302,0.009565115078153302,0.09804471582174301,0.006903438363224268,0.8950517773628235,0.006630032548153382
2025-06-18,oil,5,-0.14860541473454242,-0.0019012092656254254,0.8118290383325565,0.9189886814245166,-0.9702564230493611,0.2993685880675912,0.4022801979561336,0.2983512137085199,-0.2662651590291787
2025-06-19,gold,2,-0.14493834782401532,-0.14493834782401532,1.2022786051289662,0.7052010067381802,-0.9950777023862108,0.42016256276110653,0.5047170277684927,0.07512045907787979,-0.159231050018716
2025-06-19,oil,3,-0.0024159132919099324,0.009225349874135164,0.9878587415744177,0.9795707511342214,-0.9960438408840864,0.3620708650366093,0.3341594221807706,0.30376970562307787,-0.0033491669735293316
2025-06-20,gold,1,-0.9886418719599585,-0.9886418719599585,0.0,-0.9886418719599585,-0.9886418719599585,0.000685711856931448,0.9943049550056458,0.005009334534406662,-0.6852743261325517
2025-06-20,oil,1,0.005876447706034682,0.005876447706034682,0.0,0.005876447706034682,0.005876447706034682,0.4592428505420685,0.4527996778488159,0.08795744180679321,0.004073243159145898
2025-06-22,oil,2,-0.24727597327620704,-0.24727597327620704,0.34957772475542637,-8.719354988062644e-05,-0.49446475300253345,0.019848394440487027,0.3574591865763068,0.622692421078682,-0.27166042293360815
2025-06-23,gold,1,0.9759731793972869,0.9759731793972869,0.0,0.9759731793972869,0.9759731793972869,0.9879149198532104,0.0016467445529997349,0.01043833326548338,0.6764930576013551
2025-06-23,oil,6,-0.27326627648241597,-0.4243563009521441,0.8045371536091923,0.992389915474706,-0.989874081826256,0.24477829699753784,0.5175494386154847,0.23767227733818194,-0.5317516208016885
2025-06-24,gold,1,-0.8007518791661155,-0.8007518791661155,0.0,-0.8007518791661155,-0.8007518791661155,0.04706781357526779,0.8960843682289124,0.056847743690013885,-0.555038907372071
2025-06-24,oil,2,-0.9549147884684637,-0.9549147884684637,0.03667873994988364,-0.928979002724523,-0.9808505742124044,0.010166984051465988,0.977190762758255,0.012642271583899856,-1.0490811212423627
2025-06-25,gold,1,-0.9820542200299845,-0.9820542200299845,0.0,-0.9820542200299845,-0.9820542200299845,0.0009398253750987351,0.9909868836402893,0.008073190227150917,-0.6807081137707799
2025-06-25,oil,5,-0.11880252542362409,-0.5003771511677473,0.9928877619652593,0.9974473091665795,-0.9938145689617579,0.3907119148003403,0.5468479771225248,0.06244014427065849,-0.2128655498959852
2025-06-26,gold,2,0.8849902584152909,0.8849902584152909,0.13267525072330036,0.9788058278973619,0.7911746889332197,0.9394133388996124,0.0006286663701757789,0.059958058409392834,0.9722611732466047
2025-06-26,oil,1,0.9863217218052013,0.9863217218052013,0.0,0.9863217218052013,0.9863217218052013,0.9931377172470093,0.0008925060974434018,0.005969783756881952,0.683666120594306
2025-06-27,gold,3,-0.327628581993982,-0.002735158236910784,0.5739615056206564,0.010189643269679971,-0.9903402310147152,0.03985036178103959,0.3624388948082924,0.5977107309736311,-0.45418965575996295
2025-06-27,oil,2,0.04754197537303123,0.04754197537303123,1.335662572033383,0.9919980374349019,-0.8969140866888394,0.499936226173304,0.47409451997373253,0.025969294947572052,0.05223019837236875
2025-06-29,gold,3,-0.29861161290213917,-0.00011661799952999985,0.6034056137081658,0.09736917960232949,-0.9930874003092169,0.11406353861093521,0.369111780077219,0.5168246751030287,-0.4139635951311511
2025-06-30,gold,2,-0.039970856847656444,-0.039970856847656444,1.3453151594736736,0.9113106152492398,-0.9912523289445527,0.4777779518335592,0.4981380096578505,0.024084031814709306,-0.04391247452142923
2025-06-30,oil,3,-0.3244762089552225,-0.529368390416372,0.6916284246953883,0.4464489564880114,-0.8905091929373069,0.2446275238568584,0.6107968538999557,0.14457566291093826,-0.4498195387921843
2025-07-01,gas,1,1.2121716525554521e-05,1.2121716525554521e-05,0.0,1.2121716525554521e-05,1.2121716525554521e-05,0.003484126878902316,0.0001323014439549297,0.996383547782898,8.402133633235012e-06
2025-07-01,gold,1,0.8485396392681397,0.8485396392681397,0.0,0.8485396392681397,0.8485396392681397,0.921195924282074,0.007890673354268074,0.07091343402862549,0.5881628585520641
2025-07-01,oil,1,0.996527798340261,0.996527798340261,0.0,0.996527798340261,0.996527798340261,0.9982624650001526,0.00037014714325778186,0.0013674015644937754,0.6907404337691616
2025-07-02,gold,1,-0.807450525987331,-0.807450525987331,0.0,-0.807450525987331,-0.807450525987331,0.0080892788246274,0.8986189365386963,0.09329181909561157,-0.5596820555297634
2025-07-02,oil,2,0.48976870527368443,0.48976870527368443,0.6921680749665481,0.9792054448033691,0.00033196574399971257,0.5040989015251398,0.0036252805730327964,0.49227578309364617,0.5380659182187394
2025-07-03,gold,1,-0.9336105635688792,-0.9336105635688792,0.0,-0.9336105635688792,-0.9336105635688792,0.003997010178864002,0.9662435054779053,0.02975945547223091,-0.6471295298787502
2025-07-03,oil,2,-0.48280000786916405,-0.48280000786916405,0.7138723843244945,0.02198399598849521,-0.9875840117268233,0.0751066004158929,0.5011899722740054,0.42370345001108944,-0.5304100216141238
2025-07-04,gold,1,0.9942924005296875,0.9942924005296875,0.0,0.9942924005296875,0.9942924005296875,0.9971422553062439,0.0005491425399668515,0.002308577299118042,0.6891909740793327
2025-07-04,oil,2,0.016705993214715498,0.016705993214715498,1.3500631699409111,0.97134481571014,-0.937932829280709,0.49364710721420124,0.48470122076105326,0.0216516749933362,0.018353409440092505
2025-07-06,gold,1,9.146166754956872e-07,9.146166754956872e-07,0.0,9.146166754956872e-07,9.146166754956872e-07,0.0009632338769733906,0.00011480296234367415,0.9989219903945923,6.33963969912946e-07
2025-07-06,oil,1,-0.9838161257433902,-0.9838161257433902,0.0,-0.9838161257433902,-0.9838161257433902,0.0014493813505396247,0.9918761253356934,0.006674515083432198,-0.6819293737484395
2025-07-07,gold,2,-0.15448726477094937,-0.15448726477094937,0.21847895939299583,6.88962418326014e-07,-0.3089752185043171,0.1257546725391876,0.3049919807162951,0.5692533403635025,-0.16972160752008894
2025-07-07,oil,4,-0.49401440661197976,-0.9876584985117747,0.9939606102800107,0.996902599467118,-0.9976432288914877,0.25023010004952084,0.7467285646562232,0.0030413006752496585,-0.7950855152899555
2025-07-08,gas,1,-0.4268615964186457,-0.4268615964186457,0.0,-0.4268615964186457,-0.4268615964186457,0.031119318678975105,0.6540871858596802,0.31479355692863464,-0.2958779120469015
2025-07-08,gold,1,-0.18334036032044665,-0.18334036032044665,0.0,-0.18334036032044665,-0.18334036032044665,0.1623443365097046,0.45792579650878906,0.37972983717918396,-0.12708185383896206
2025-07-08,oil,2,0.4857748807518802,0.4857748807518802,0.6869890838431154,0.9715495205384808,2.4096527960482117e-07,0.4931689954828471,0.0020424000831553712,0.5047885668464005,0.5336782535203012
2025-07-09,gold,1,-0.4491841386744464,-0.4491841386744464,0.0,-0.4491841386744464,-0.4491841386744464,0.18283024430274963,0.6947021484375,0.12246768176555634,-0.31135071927444
2025-07-09,oil,2,-0.345277560996462,-0.345277560996462,0.8654474231698074,0.2666861806873324,-0.9572413026802564,0.2634786944836378,0.5390536300837994,0.1974676614627242,-0.379326171512066
2025-07-10,gold,1,0.9273196144900049,0.9273196144900049,0.0,0.9273196144900049,0.9273196144900049,0.9629851579666138,0.004556048195809126,0.0324588380753994,0.6427689762616823
2025-07-10,oil,2,-0.8440767479353815,-0.8440767479353815,0.21574635277624424,-0.691521038871034,-0.9966324569997288,0.004624558656360023,0.9149700105190277,0.0804054475738667,-0.9273130878608247
2025-07-11,gold,1,0.26317819794346753,0.26317819794346753,0.0,0.26317819794346753,0.26317819794346753,0.5220886468887329,0.09694517403841019,0.3809661567211151,0.18242122588936172
2025-07-11,oil,1,0.9744705626119651,0.9744705626119651,0.0,0.9744705626119651,0.9744705626119651,0.9871560335159302,0.0025422791950404644,0.010301696136593819,0.6754515230131473
2025-07-14,gold,1,0.9252261566049534,0.9252261566049534,0.0,0.9252261566049534,0.9252261566049534,0.9618945121765137,0.0038643500301986933,0.034241098910570145,0.6413179018310379
2025-07-14,oil,3,-0.06451290954333407,-0.2032244024156249,0.998426106329398,0.9960158949956524,-0.9863302212100297,0.3885723587591201,0.4915541080990806,0.11987355332045506,-0.08943388271936159
2025-07-15,gold,1,1.6148202988695848e-05,1.6148202988695848e-05,0.0,1.6148202988695848e-05,1.6148202988695848e-05,0.0040455409325659275,0.0004670774796977639,0.9954873919487,1.1193081372724208e-05
2025-07-15,oil,2,0.058075608785276955,0.058075608785276955,1.3273976125006506,0.9966874619153201,-0.8805362443447662,0.5096127586439252,0.46943495275627356,0.020952272519934922,0.0638025774833869
2025-07-16,gas,1,0.9860365456904852,0.9860365456904852,0.0,0.9860365456904852,0.9860365456904852,0.9929937720298767,0.0002626529603730887,0.006743591744452715,0.6834684515744275
2025-07-16,gold,2,0.9803615551415142,0.9803615551415142,0.012750272229146433,0.9893773590967182,0.9713457511863103,0.9901220500469208,0.0008953933138400316,0.008982530096545815,1.0770372518162463
2025-07-16,oil,1,-0.9555514636065029,-0.9555514636065029,0.0,-0.9555514636065029,-0.9555514636065029,0.0028152053710073233,0.9775271415710449,0.019657574594020844,-0.6623378028787766
2025-07-17,gas,1,1.4267631246586351e-06,1.4267631246586351e-06,0.0,1.4267631246586351e-06,1.4267631246586351e-06,0.0012006355682387948,0.00012175545271020383,0.9986775517463684,9.889568371840306e-07
2025-07-17,gold,3,0.03172997841245858,0.0002027222765533382,0.9482101799137386,0.9953106085343152,-0.9003233955734928,0.3437811365971963,0.3173601189046167,0.33885873570883024,0.04398709015164719
2025-07-17,oil,2,0.07125949781891172,0.07125949781891172,1.3027461427652924,0.9924401295328682,-0.8499211338950448,0.5027023502625525,0.4614774198271334,0.03582021582406014,0.07828655998817478
2025-07-18,gold,1,-0.9942201222691236,-0.9942201222691236,0.0,-0.9942201222691236,-0.9942201222691236,0.0004289089993108064,0.9971060156822205,0.0024651759304106236,-0.6891408746068071
2025-07-18,oil,1,0.7644407799874027,0.7644407799874027,0.0,0.7644407799874027,0.7644407799874027,0.8783708214759827,0.08422885090112686,0.03740035369992256,0.5298699713533136
2025-07-20,gold,1,0.6366838443140764,0.6366838443140764,0.0,0.6366838443140764,0.6366838443140764,0.7980443239212036,0.013818509876728058,0.18813709914684296,0.4413156115943692
2025-07-21,gold,1,0.0011630485940867796,0.0011630485940867796,0.0,0.0011630485940867796,0.0011630485940867796,0.04135281965136528,0.02338818646967411,0.9352589845657349,0.0008061638538454595
2025-07-21,oil,3,-0.986740983515482,-0.9877854214802029,0.011115820239662181,-0.9751398060259392,-0.9972977230403041,0.0009714476473163813,0.9933385252952576,0.005690012786847849,-1.3679134613334076
2025-07-22,gold,2,0.9680186830753915,0.9680186830753915,0.03882951929977583,0.9954752994824769,0.9405620666683061,0.9837863445281982,0.002568146795965731,0.01364548405399546,1.0634772208869454
2025-07-22,oil,2,-0.9933641838733449,-0.9933641838733449,0.0035101247461689178,-0.9908821508625182,-0.9958462168841717,0.0006499345472548157,0.9966759979724884,0.0026740370667539537,-1.0913220995260244
2025-07-23,gold,1,0.9552846626190752,0.9552846626190752,0.0,0.9552846626190752,0.9552846626190752,0.9773930907249451,0.00354162510484457,0.019065333530306816,0.6621528705265706
2025-07-23,oil,2,0.6264327805938319,0.6264327805938319,0.5170605422147166,0.9920497962778512,0.2608157649098126,0.7539812922477722,0.018003947363467887,0.22801478777546436,0.6882067507849176
2025-07-24,gold,2,-0.18499449784407207,-0.18499449784407207,0.791121878993547,0.37441314753730826,-0.7444021432254524,0.31626629922538996,0.4437160938978195,0.24001756310462952,-0.20323722866748373
2025-07-24,oil,2,-0.0030000097919832824,-0.0030000097919832824,1.4059058106274942,0.9911255226122879,-0.9971255421962545,0.4980579467955977,0.4995747148641385,0.0023673917748965323,-0.0032958476235974937
2025-07-25,gold,2,-0.34924825752838906,-0.34924825752838906,0.6746496548824896,0.12780108836418336,-0.8262976034209615,0.2145930379629135,0.5642889142036438,0.22111806273460388,-0.3836884275166129
2025-07-25,oil,2,-0.47141515708125853,-0.47141515708125853,0.7422866804413242,0.05346078824325362,-0.9962911024057707,0.11584708050941117,0.5009657796472311,0.383187098253984,-0.5179024846338779
2025-07-28,gold,1,-0.9299116488920699,-0.9299116488920699,0.0,-0.9299116488920699,-0.9299116488920699,0.011628663167357445,0.9643893837928772,0.023981962352991104,-0.644565637599388
2025-07-28,oil,3,0.3347068009349708,0.9927866347825837,1.1412864821013722,0.9944707237284512,-0.9831369557061224,0.6650218692763398,0.33113001264670555,0.003848173733179768,0.46400215076462775
2025-07-29,gold,3,-0.07438051124743161,-0.159330340916501,0.9517540023966418,0.9170007877512227,-0.9808119805770166,0.3776106932394517,0.476152920552219,0.1462363830457131,-0.10311328331952904
2025-07-29,oil,1,0.9965411432372042,0.9965411432372042,0.0,0.9965411432372042,0.9965411432372042,0.9982692003250122,0.0004993047914467752,0.0012314986670389771,0.6907496837468526
2025-07-30,gold,1,0.02239445176939192,0.02239445176939192,0.0,0.02239445176939192,0.02239445176939192,0.15194794535636902,0.02633875608444214,0.8217132687568665,0.015522651104139688
2025-07-30,oil,1,0.9856410178055091,0.9856410178055091,0.0,0.9856410178055091,0.9856410178055091,0.9927952885627747,0.0012310781748965383,0.005973584484308958,0.6831942925361234
2025-07-31,gas,1,0.3633499442503019,0.3633499442503019,0.0,0.3633499442503019,0.3633499442503019,0.6027857661247253,0.0008646645583212376,0.39634954929351807,0.2518549894137101
2025-07-31,gold,2,0.0805701861679296,0.0805701861679296,1.295628821848738,0.9967181119979095,-0.8355777396620503,0.5226482804864645,0.457777929113945,0.0195737587637268,0.08851539662436482
2025-07-31,oil,2,-0.9903096306631185,-0.9903096306631185,0.0019408498352413044,-0.9889372425833546,-0.9916820187428824,0.0007717088737990707,0.9951431155204773,0.004085238557308912,-1.0879663298328792
2025-08-01,gold,1,0.8162383907928837,0.8162383907928837,0.0,0.8162383907928837,0.8162383907928837,0.9034603834152222,0.0015072915703058243,0.09503232687711716,0.5657733392428742
2025-08-01,oil,2,-0.9970610486677276,-0.9970610486677276,0.0003981118384145893,-0.9967795410871141,-0.9973425562483412,0.0003040303272427991,0.9985294938087463,0.0011665046331472695,-1.0953835206186777
2025-08-03,gas,1,-0.006149058592042955,-0.006149058592042955,0.0,-0.006149058592042955,-0.006149058592042955,0.005482200533151627,0.07860735058784485,0.9159104824066162,-0.004262202626172482
2025-08-03,gold,1,-0.5198789103995498,-0.5198789103995498,0.0,-0.5198789103995498,-0.5198789103995498,0.022785844281315804,0.7213862538337708,0.255827933549881,-0.3603526009760244
2025-08-03,oil,2,0.33131501891849596,0.33131501891849596,0.5236733876069802,0.701608022422323,-0.03897798458533108,0.4212354668416083,0.099783722194843,0.47898081690073013,0.36398675120416696
2025-08-04,gold,1,-0.3126544321989084,-0.3126544321989084,0.0,-0.3126544321989084,-0.3126544321989084,0.172560915350914,0.5851766467094421,0.24226245284080505,-0.21671553816824396
2025-08-04,oil,6,-0.746948183334729,-0.9235569591903081,0.3840835142570709,-0.011775496745345088,-0.9939754212603689,0.005254768485125775,0.8036306078235308,0.1911146300068746,-1.453494050769478
2025-08-05,gold,1,0.9527860053285494,0.9527860053285494,0.0,0.9527860053285494,0.9527860053285494,0.9761223196983337,0.0053642308339476585,0.018513452261686325,0.660420933270457
2025-08-05,oil,3,0.0022929087097115102,2.943674484605363e-06,0.9913959583839342,0.9948318660653318,-0.9879560836106819,0.33337900079398725,0.33158322698242654,0.3350377584186693,0.0031786464148357506
2025-08-06,gold,1,0.9936395309044952,0.9936395309044952,0.0,0.9936395309044952,0.9936395309044952,0.9968147873878479,0.0004557304491754621,0.00272946385666728,0.6887384393393574
2025-08-06,oil,2,0.0005097845476510487,0.0005097845476510487,1.4087753866948698,0.9966644136482943,-0.9956448445529922,0.49938657964230515,0.49921163043472916,0.0014017991488799453,0.0005600555686225558
2025-08-07,gold,1,0.9441680551209993,0.9441680551209993,0.0,0.9441680551209993,0.9441680551209993,0.9716837406158447,0.00111711909994483,0.02719912864267826,0.6544474253818877
2025-08-07,oil,1,-0.9873217574956908,-0.9873217574956908,0.0,-0.9873217574956908,-0.9873217574956908,0.0014011991443112493,0.9936416745185852,0.004957183264195919,-0.6843592925136281
2025-08-08,gold,1,0.9964024769320576,0.9964024769320576,0.0,0.9964024769320576,0.9964024769320576,0.9981997013092041,0.0003778164682444185,0.0014225062914192677,0.6906535675884017
2025-08-08,oil,3,-0.6542738202338515,-0.9647884646077647,0.5654831111228935,-0.0015663591513134234,-0.9964666369424765,0.009410104646425074,0.6744959739347299,0.3160939267836511,-0.9070161076185573
2025-08-09,oil,1,-0.9934462386984949,-0.9934462386984949,0.0,-0.9934462386984949,-0.9934462386984949,0.0005169040523469448,0.9967178702354431,0.0027652326971292496,-0.6886044593917442
2025-08-11,gold,3,-0.7202177731459877,-0.7852905165388038,0.21664002169974694,-0.4784995366702294,-0.8968632662289299,0.02175011990281443,0.8420515060424805,0.1361983579893907,-0.9984338376906072
2025-08-11,oil,3,-0.31786177738696353,-0.9594012783289032,1.1389181760978606,0.9971186717764177,-0.991302725608405,0.3335899946396239,0.6584726554865483,0.007937335680859784,-0.4406499896070935
2025-08-12,gold,1,0.968030382862798,0.968030382862798,0.0,0.968030382862798,0.968030382862798,0.983887255191803,0.0019327715272083879,0.014179985970258713,0.6709875305777128
2025-08-12,oil,1,-0.9945504726919927,-0.9945504726919927,0.0,-0.9945504726919927,-0.9945504726919927,0.0004089218273293227,0.9972715973854065,0.002319479826837778,-0.6893698560710156
2025-08-13,gold,1,-0.8497667141918142,-0.8497667141918142,0.0,-0.8497667141918142,-0.8497667141918142,0.01016179844737053,0.9218839406967163,0.06795428693294525,-0.5890134020757448
2025-08-13,oil,1,-0.9964566231803051,-0.9964566231803051,0.0,-0.9964566231803051,-0.9964566231803051,0.00043992549763061106,0.9982268214225769,0.0013332233065739274,-0.6906910989077123
2025-08-13,silver,1,0.9966765628195057,0.9966765628195057,0.0,0.9966765628195057,0.9966765628195057,0.998336911201477,0.0003008526982739568,0.0013621709076687694,0.6908435494485176
2025-08-14,gold,1,0.0010182558303377665,0.0010182558303377665,0.0,0.0010182558303377665,0.0010182558303377665,0.032436903566122055,0.005822077393531799,0.961741030216217,0.0007058011578873489
2025-08-14,oil,2,0.9897983217650899,0.9897983217650899,0.011700620623125537,0.9980719099517931,0.9815247335783865,0.994879275560379,0.001513993091066368,0.003606735059292987,1.0874045995941994
2025-08-15,gold,2,-0.914484572198677,-0.914484572198677,0.08494162356291525,-0.8544217741723446,-0.9745473702250094,0.0046535330766346306,0.9557898938655853,0.03955657780170441,-1.0046639888148658
2025-08-15,oil,1,-0.9926150179060146,-0.9926150179060146,0.0,-0.9926150179060146,-0.9926150179060146,0.0007197227096185088,0.9963009357452393,0.0029793602880090475,-0.6880283010430136
2025-08-16,oil,1,-0.0060610348223058,-0.0060610348223058,0.0,-0.0060610348223058,-0.0060610348223058,0.06443898379802704,0.10106144845485687,0.8344995379447937,-0.004201189198356914
2025-08-17,gold,1,0.0054642397866685455,0.0054642397866685455,0.0,0.0054642397866685455,0.0054642397866685455,0.07715185731649399,0.02209450490772724,0.9007536768913269,0.0037875224020327792
2025-08-17,oil,1,-0.9846932989091457,-0.9846932989091457,0.0,-0.9846932989091457,-0.9846932989091457,0.0013155589113011956,0.9923180341720581,0.006366458721458912,-0.6825373838551458
2025-08-18,gold,2,0.7713440009427093,0.7713440009427093,0.2893747598941408,0.9759628559680852,0.5667251459173333,0.870362251996994,0.0020085173891857266,0.12762922840192914,0.8474079982260865
2025-08-18,oil,3,0.3285721152500187,0.00333833368425851,0.5780405565915442,0.9959643278950008,-0.013586315829203166,0.36244531255215406,0.05636586499167606,0.58118878720173,0.45549767059233576
2025-08-19,gas,1,-0.9973826387577921,-0.9973826387577921,0.0,-0.9973826387577921,-0.9973826387577921,0.00038455697358585894,0.9986905455589294,0.0009249166469089687,-0.691332963994402
2025-08-19,gold,2,0.13575461961475763,0.13575461961475763,0.19162961268480694,0.27125721822033627,0.00025202100917899595,0.26843200344592333,0.0015752921462990344,0.7299927324056625,0.14914169335223754
2025-08-19,oil,1,-0.657130046499165,-0.657130046499165,0.0,-0.657130046499165,-0.657130046499165,0.09269720315933228,0.8159183859825134,0.0913844034075737,-0.4554878389921219
2025-08-20,gold,1,-0.9747790226825458,-0.9747790226825458,0.0,-0.9747790226825458,-0.9747790226825458,0.0013701984426006675,0.9873099327087402,0.011319871991872787,-0.6756653312413856
2025-08-20,oil,3,0.6343268637907432,0.9203551999504546,0.5509090286555447,0.9833915522364206,-0.0007661608146454224,0.6549373293916384,0.010899322708913436,0.3341634020519753,0.8793637543799722
2025-08-20,silver,1,-0.9937490463291769,-0.9937490463291769,0.0,-0.9937490463291769,-0.9937490463291769,0.001096595311537385,0.996870219707489,0.002033171011134982,-0.6888143496472034
2025-08-21,gold,1,-1.1099701914374371e-05,-1.1099701914374371e-05,0.0,-1.1099701914374371e-05,-1.1099701914374371e-05,0.006095565389841795,0.00694662518799305,0.9869577884674072,-7.693727087004423e-06
2025-08-21,oil,1,0.9969259839861678,0.9969259839861678,0.0,0.9969259839861678,0.9969259839861678,0.9984619617462158,0.0004631768970284611,0.0010749520733952522,0.6910164350269614
2025-08-22,oil,1,0.9964668347573441,0.9964668347573441,0.0,0.9964668347573441,0.9964668347573441,0.9982319474220276,0.00045898108510300517,0.0013090468710288405,0.690698177033546
2025-08-25,gold,1,-0.1999983580148612,-0.1999983580148612,0.0,-0.1999983580148612,-0.1999983580148612,0.027033716440200806,0.4480280876159668,0.52493816614151,-0.1386282979746196
2025-08-25,oil,2,0.9680592466073747,0.9680592466073747,0.002894427131932121,0.9701059156600144,0.9660125775547352,0.9839295446872711,0.007694509578868747,0.008375915000215173,1.063521784481654
2025-08-26,gold,1,-0.019814004509984162,-0.019814004509984162,0.0,-0.019814004509984162,-0.019814004509984162,0.018549852073192596,0.14197923243045807,0.8394709229469299,-0.013734021361697562
2025-08-26,oil,2,-0.1537667684574066,-0.1537667684574066,1.185924644087408,0.6848085893530426,-0.9923421262678558,0.4140450926788617,0.4987709858105518,0.0871839023893699,-0.1689300614160908
2025-08-26,silver,1,0.1347108314910056,0.1347108314910056,0.0,0.1347108314910056,0.1347108314910056,0.3670799136161804,0.006068424321711063,0.6268516778945923,0.09337443303887642
2025-08-27,gold,2,-0.07692683516078896,-0.07692683516078896,1.283461878250759,0.8306177623447458,-0.9844714326663238,0.4562453035614453,0.49635643960209563,0.047398237278684974,-0.08451276643598879
2025-08-27,oil,1,0.309792444989506,0.309792444989506,0.0,0.309792444989506,0.309792444989506,0.5873220562934875,0.18749599158763885,0.2251819670200348,0.21473175980324802
2025-08-28,gold,2,-0.0008461709050725796,-0.0008461709050725796,0.001691703500129697,0.00035004411162614657,-0.002042385921771306,0.16307268291711807,0.1590180485509336,0.6779092699289322,-0.0009296137546261526
2025-08-28,oil,1,0.8428103193528589,0.8428103193528589,0.0,0.8428103193528589,0.8428103193528589,0.9181618094444275,0.014516834169626236,0.06732141226530075,0.5841915966062612
2025-08-29,gold,2,0.9948848945409563,0.9948848945409563,0.002893245742639629,0.9969307282252159,0.9928390608566967,0.9974388182163239,0.0005148780037416145,0.0020463853725232184,1.092992770952971
2025-08-29,oil,1,-0.9827056706856829,-0.9827056706856829,0.0,-0.9827056706856829,-0.9827056706856829,0.0007476410246454179,0.9913153648376465,0.007936916314065456,-0.6811596649560512
2025-09-01,gold,1,0.9220856723182466,0.9220856723182466,0.0,0.9220856723182466,0.9220856723182466,0.9602540135383606,0.0014457005308941007,0.0383002944290638,0.6391410840021142
2025-09-01,oil,3,0.15114917984071374,2.1886941213411504e-05,0.5854900260379788,0.7973869685078984,-0.34396131592697055,0.344859359630694,0.22018691602473459,0.4349536908169587,0.2095372557010777
2025-09-02,gold,2,0.6770039417928737,0.6770039417928737,0.451730604066296,0.9964257151976471,0.3575821683881004,0.7981645166873932,0.006621044070925564,0.19521444517886266,0.7437648499304008
2025-09-02,oil,2,0.07738516291562175,0.07738516291562175,1.2991145084505762,0.9959978413788526,-0.8412275155476091,0.5115196285769343,0.4589645500818733,0.02951581054367125,0.08501629093968575
2025-09-03,gold,3,0.43798183339770297,0.9825846580906493,0.952597834038074,0.9933267560980165,-0.6619659139955569,0.6748866351942221,0.27187017363030463,0.053243208288525544,0.607171745912187
2025-09-03,oil,3,-0.07687547087650333,0.0024187784193421477,0.8718460958761387,0.7526148685259516,-0.9856600595748037,0.3057900675145599,0.33149958529975265,0.36271035702278215,-0.10657203178453294
2025-09-04,gold,1,0.9918988469263601,0.9918988469263601,0.0,0.9918988469263601,0.9918988469263601,0.9959413409233093,0.000580324383918196,0.0034783054143190384,0.6875318891476673
2025-09-04,oil,1,-0.9352659898402229,-0.9352659898402229,0.0,-0.9352659898402229,-0.9352659898402229,0.005258574150502682,0.9671058058738708,0.027635617181658745,-0.6482769839313569
2025-09-05,gold,1,6.88765681877701e-06,6.88765681877701e-06,0.0,6.88765681877701e-06,6.88765681877701e-06,0.0026877792552113533,0.0005800984799861908,0.9967321157455444,4.7741599045997664e-06
2025-09-05,oil,1,-0.8763413432973668,-0.8763413432973668,0.0,-0.8763413432973668,-0.8763413432973668,0.009271245449781418,0.9361769556999207,0.05455179139971733,-0.6074335313146849
2025-09-06,oil,1,-0.8971551155022643,-0.8971551155022643,0.0,-0.8971551155022643,-0.8971551155022643,0.007833047769963741,0.9472150802612305,0.04495180398225784,-0.6218605388353265
2025-09-07,gold,1,3.546797787377931e-06,3.546797787377931e-06,0.0,3.546797787377931e-06,3.546797787377931e-06,0.0020785420201718807,0.0008794892346486449,0.9970420002937317,2.458452886337265e-06
2025-09-07,oil,2,0.9205063347566154,0.9205063347566154,0.06720622623689322,0.9680283130666798,0.8729843564465508,0.9591121971607208,0.0018738707294687629,0.039013880770653486,1.0112795711604585
2025-09-08,gold,1,0.0535149370687682,0.0535149370687682,0.0,0.0535149370687682,0.0535149370687682,0.23564155399799347,0.04485539346933365,0.7195030450820923,0.03709372774705958
2025-09-08,oil,4,-0.07795114166139128,-0.1769835040465091,0.9615483542279986,0.9898105775814413,-0.9476481361339882,0.42610934923868626,0.47366864315699786,0.10022200923413038,-0.1254575227073644
2025-09-09,gas,1,-0.9720949700613563,-0.9720949700613563,0.0,-0.9720949700613563,-0.9720949700613563,0.0022771575022488832,0.9859514236450195,0.011771474033594131,-0.6738048877345335
2025-09-09,gold,3,0.23937078162334338,0.15370807268060172,0.40034234684315845,0.6756108547300936,-0.11120658254066518,0.4356828158100446,0.11937430935601394,0.4449428717295329,0.33183836478130163
2025-09-09,oil,2,0.580976715340854,0.580976715340854,0.5273789066084403,0.9538899164584291,0.20806351422327896,0.7729918658733368,0.1733292769640684,0.05367885623127222,0.6382681589034966
2025-09-10,gold,1,0.12391253039243377,0.12391253039243377,0.0,0.12391253039243377,0.12391253039243377,0.3542196750640869,0.03948455676436424,0.6062958240509033,0.085889621077564
2025-09-10,oil,3,0.3599624950865225,0.9799820774816836,1.0870695715833747,0.995152175718756,-0.8952467679408722,0.6633297380370399,0.31710132842999883,0.01956892021310826,0.4990139771530925
2025-09-11,gold,3,0.9860716314639917,0.9929882394669167,0.01356562762338181,0.9947848784366928,0.9704417764883655,0.9929962555567423,0.0009588104245873789,0.006044956079373757,1.3669855423588226
2025-09-11,oil,2,-0.48466355187494164,-0.48466355187494164,0.723792824958862,0.027135262827637438,-0.9964623665775207,0.08255284554616082,0.5006455773254856,0.4168015742325224,-0.5324573339593448
2025-09-12,gold,2,0.9881138040478612,0.9881138040478612,0.0010382769737946793,0.9888479767367813,0.9873796313589411,0.9940396249294281,0.0010431489499751478,0.00491723045706749,1.085553967729573
2025-09-12,oil,1,-0.9800487168797427,-0.9800487168797427,0.0,-0.9800487168797427,-0.9800487168797427,0.004524665884673595,0.989984393119812,0.005490848794579506,-0.6793180049165857
2025-09-13,gold,1,0.709864409364358,0.709864409364358,0.0,0.709864409364358,0.709864409364358,0.8530354499816895,0.13343572616577148,0.013528791256248951,0.4920405139307556
2025-09-13,oil,2,-0.7375613662489593,-0.7375613662489593,0.34928385023458963,-0.49058038718913444,-0.984542345308784,0.007330584048759192,0.846394807100296,0.14627465442754328,-0.8102939806079471
2025-09-15,gold,4,-0.25018158445624056,-0.4843925784004479,0.931964427446314,0.9614084127665321,-0.9933495937905984,0.25990747020114213,0.4978286269324599,0.2422639126307331,-0.4026517270167074
2025-09-15,oil,2,0.5255188006439061,0.5255188006439061,0.5441387073671735,0.9102829705293168,0.1407546307584953,0.6647965013980865,0.010516227455809712,0.3246872443705797,0.5773414123135218
2025-09-16,gold,2,0.008046282122523507,0.008046282122523507,0.00956816532712216,0.014811996708845587,0.0012805675362014268,0.10050399973988533,0.057504085707478225,0.8419919312000275,0.008839744417894846
2025-09-16,oil,2,0.48406971213597877,0.48406971213597877,0.6872966630602366,0.9700618432727578,-0.0019224190008002573,0.4975346657447517,0.02417588885873556,0.4782894994132221,0.5318049343246207
2025-09-17,gold,2,0.4898585058930144,0.4898585058930144,0.7005098098099948,0.9851937426973604,-0.005476730911331662,0.49996437528170645,0.03760063587105833,0.4624350103549659,0.5381645742826653
2025-09-17,oil,1,-0.9845041027557175,-0.9845041027557175,0.0,-0.9845041027557175,-0.9845041027557175,0.0020253288093954325,0.992223858833313,0.005750793498009443,-0.6824062430748242
2025-09-18,gold,2,0.014675687085980549,0.014675687085980549,1.3769005924064899,0.988291432996384,-0.9589400588244229,0.4977901041856967,0.48997187221539207,0.012238000752404332,0.016122890177306115
2025-09-18,oil,1,-0.9640640793218065,-0.9640640793218065,0.0,-0.9640640793218065,-0.9640640793218065,0.0020798516925424337,0.9818698763847351,0.016050321981310844,-0.6682382984610297
2025-09-19,gold,2,0.2750743908920387,0.2750743908920387,0.4051408517083999,0.5615522344707418,-0.011403452686664317,0.38482927437871695,0.05711252987384796,0.5580582022666931,0.3022001061318889
2025-09-19,oil,1,-0.9937567424363006,-0.9937567424363006,0.0,-0.9937567424363006,-0.9937567424363006,0.000550878990907222,0.9968736171722412,0.0025754664093255997,-0.6888196841821576
2025-09-20,gold,1,0.03388131938671002,0.03388131938671002,0.0,0.03388131938671002,0.03388131938671002,0.18408794701099396,0.0026567138265818357,0.8132553100585938,0.023484741006549063
2025-09-22,gold,2,0.6730774402030882,0.6730774402030882,0.43741505286426796,0.9823765902764843,0.3637782901296922,0.7973990738391876,0.0131644555949606,0.18943648831918836,0.7394511470323876
2025-09-22,oil,2,-0.0076332401512920756,-0.0076332401512920756,1.3901756598376231,0.9753693959603744,-0.9906358762629586,0.4940933494945057,0.5006016506813467,0.00530496658757329,-0.008385971432564296
2025-09-23,gas,1,0.27849080335522175,0.27849080335522175,0.0,0.27849080335522175,0.27849080335522175,0.527722954750061,0.000851609103847295,0.4714254140853882,0.1930351151575461
2025-09-23,gold,3,0.5066233051200801,0.6351260435205093,0.5660680091751883,0.9973929046041615,-0.11264903276443028,0.6061391693850359,0.11376773806599279,0.2800931421030934,0.7023290310998889
2025-09-23,oil,1,0.9960409431997683,0.9960409431997683,0.0,0.9960409431997683,0.9960409431997683,0.9980188608169556,0.0008705111686140299,0.0011105734156444669,0.690402971501188
2025-09-23,silver,1,9.752643107818759e-05,9.752643107818759e-05,0.0,9.752643107818759e-05,9.752643107818759e-05,0.01006866805255413,0.001962539739906788,0.9879688024520874,6.760017073191956e-05
2025-09-24,gas,1,0.9928617500881943,0.9928617500881943,0.0,0.9928617500881943,0.9928617500881943,0.9964244961738586,0.00037506563239730895,0.0032003235537558794,0.688199322759445
2025-09-24,gold,2,0.0017274884143954616,0.0017274884143954616,1.2577885378688602,0.8911182928401792,-0.8876633160113883,0.47293183591682464,0.4726536403177306,0.05441456660628319,0.001897840000586642
2025-09-24,oil,1,0.8666029492175155,0.8666029492175155,0.0,0.8666029492175155,0.8666029492175155,0.932466983795166,0.0537746325135231,0.0137584013864398,0.6006833909150543
2025-09-25,gold,1,0.0821673788677515,0.0821673788677515,0.0,0.0821673788677515,0.0821673788677515,0.2894696295261383,0.04031478613615036,0.6702156066894531,0.056954086996182776
2025-09-25,oil,1,0.9744307647317044,0.9744307647317044,0.0,0.9744307647317044,0.9744307647317044,0.987133800983429,0.001549324719235301,0.01131684985011816,0.6754239372246523
2025-09-26,oil,1,-0.9943964354211542,-0.9943964354211542,0.0,-0.9943964354211542,-0.9943964354211542,0.000700311386026442,0.9971945285797119,0.002105162013322115,-0.6892630855710328
2025-09-26,silver,1,-2.4913053461861345e-07,-2.4913053461861345e-07,0.0,-2.4913053461861345e-07,-2.4913053461861345e-07,0.0008641988970339298,0.0009979840833693743,0.9981378316879272,-1.7268412766228376e-07
2025-09-28,oil,1,0.8017214501668913,0.8017214501668913,0.0,0.8017214501668913,0.8017214501668913,0.8953906893730164,0.0017285740468651056,0.10288079082965851,0.5557109627776115
2025-09-29,gold,2,0.4922618530011884,0.4922618530011884,0.696156008886621,0.9845184876486806,5.218353696259323e-06,0.49725810962263495,0.0006540417271025945,0.5020878091454506,0.5408049209496403
2025-09-29,oil,4,-0.8324686890895874,-0.9315948201846584,0.233019879675945,-0.48703764280963535,-0.979647473179397,0.004595380916725844,0.9044517874717712,0.09095281339250505,-1.3398066691350976
2025-09-30,gold,4,0.6979275369251365,0.988885057292958,0.5872372057199735,0.9968407168056738,-0.1829006836910434,0.7575300838798285,0.1081742050118919,0.1342956729204161,1.1232710380590651
2025-09-30,oil,3,-0.19968058143998155,-0.5859557152179526,1.0440624293773642,0.982476700725687,-0.995562729827679,0.3727859295613598,0.5913819264387712,0.03583217408352842,-0.2768160640753875
2025-10-01,gold,1,0.9964225222798935,0.9964225222798935,0.0,0.9964225222798935,0.9964225222798935,0.9982097148895264,0.0004145260027144104,0.001375699765048921,0.6906674619647374
2025-10-01,oil,2,-0.985951202074336,-0.985951202074336,0.012570465277832425,-0.9770625408337107,-0.9948398633149613,0.0011934555950574577,0.9929414987564087,0.005865048384293914,-1.0831781066259603
2025-10-02,gas,1,0.9969752090494519,0.9969752090494519,0.0,0.9969752090494519,0.9969752090494519,0.9984866380691528,0.0005974014638923109,0.0009159609326161444,0.6910505552407896
2025-10-02,gold,1,-0.9463472431385922,-0.9463472431385922,0.0,-0.9463472431385922,-0.9463472431385922,0.01338376197963953,0.9728958606719971,0.013720364309847355,-0.6559579234121922
2025-10-02,oil,3,-0.45245678345620854,-0.9958552105961027,0.9425513443500811,0.635907385142765,-0.997422524915288,0.26604665592700866,0.665968636283651,0.06798473442904651,-0.6272382875557853
2025-10-03,gold,1,0.9932646008050149,0.9932646008050149,0.0,0.9932646008050149,0.9932646008050149,0.9966267347335815,0.0005355681641958654,0.0028376576956361532,0.6884785575979956
2025-10-03,oil,3,-0.332196775149365,-0.08188517058763578,0.5061258532891694,8.172240839252054e-08,-0.9147052365828677,0.018589492809648316,0.4159213475456151,0.5654891294737657,-0.4605225161717769
2025-10-05,oil,2,0.9948339306183197,0.9948339306183197,0.0023354709361698635,0.9964853579545495,0.9931825032820899,0.9974133968353271,0.00042560542351566255,0.0021610480616800487,1.0929367813612838
2025-10-06,gold,2,0.9936967278129476,0.9936967278129476,0.0028171178690060542,0.9956887309615237,0.9917047246643717,0.996843010187149,0.00048508078907616436,0.0026719312299974263,1.091687436384594
2025-10-06,oil,3,0.6265038983952005,0.9528602637563515,0.6037039997965643,0.9967834567415637,-0.07013202531231366,0.6714855991303921,0.09356551832752302,0.23494888884791484,0.8685188215648953
2025-10-07,gold,3,0.9960230005749802,0.9954777633460948,0.001741989971357444,0.9979723917838697,0.994618846594976,0.9980093439420065,0.00036070015630684793,0.001629973897555222,1.3807810692428086
2025-10-07,oil,1,-0.9900240845680314,-0.9900240845680314,0.0,-0.9900240845680314,-0.9900240845680314,0.0014205643674358726,0.9950005412101746,0.003578868694603443,-0.6862324029047718
2025-10-08,gold,1,0.9899663727888038,0.9899663727888038,0.0,0.9899663727888038,0.9899663727888038,0.9949706196784973,0.0003795647353399545,0.004649832844734192,0.6861924001477151
2025-10-08,oil,1,0.9971935521621452,0.9971935521621452,0.0,0.9971935521621452,0.9971935521621452,0.9985958933830261,0.0005374440224841237,0.0008665797067806125,0.6912018991537477
2025-10-09,gold,2,0.3843519410850277,0.3843519410850277,0.7450087926285667,0.9111527103962895,-0.14244882822623417,0.588437631726265,0.21952944685472175,0.1920329686254263,0.4222537656494528
2025-10-09,oil,2,-0.9487056800538929,-0.9487056800538929,0.030852271386113583,-0.9268898297417644,-0.9705215303660215,0.003044183715246618,0.9739568531513214,0.022998944856226444,-1.0422597184364428
2025-10-09,silver,1,-0.26501096735974033,-0.26501096735974033,0.0,-0.26501096735974033,-0.26501096735974033,0.01269927155226469,0.5149487853050232,0.47235196828842163,-0.1836916048428677
2025-10-10,gold,6,0.8267995442451249,0.9933253392968038,0.4015813206256604,0.9970262673932853,0.007272211663086614,0.8436609196166197,0.0009250171497114934,0.15541408191590259,1.608877624380896
2025-10-10,oil,1,-0.9950163000563023,-0.9950163000563023,0.0,-0.9950163000563023,-0.9950163000563023,0.0005490586627274752,0.997505247592926,0.0019458115566521883,-0.6896927429952144
2025-10-11,oil,1,1.0260761847902256e-05,1.0260761847902256e-05,0.0,1.0260761847902256e-05,1.0260761847902256e-05,0.003249685512855649,0.0005473478231579065,0.9962030053138733,7.112218145270503e-06
2025-10-12,silver,1,0.6218653253986045,0.6218653253986045,0.0,0.6218653253986045,0.6218653253986045,0.788604736328125,0.005666621029376984,0.20572863519191742,0.43104419698803564
2025-10-13,gold,3,0.3346196990822287,0.008782558491043924,0.5719884694578831,0.9950756323479722,9.064076699760726e-07,0.3640852219347532,0.0005594454317664107,0.6353553327110907,0.4638814019573283
2025-10-13,oil,2,-0.02238727146715641,-0.02238727146715641,1.3732867742073722,0.9486731190886757,-0.9934476620229885,0.48717921518255025,0.4992562554543838,0.013564526801928878,-0.024594931543566977
2025-10-14,gold,3,0.3344371628315222,0.013570310809746244,0.5674375571003998,0.9896116611856071,0.00012951649921344455,0.37437504529953003,0.0036257360285768905,0.6219992563128471,0.4636283529822739
2025-10-14,oil,2,-0.9850091069047038,-0.9850091069047038,0.0064656445687959856,-0.9804372057853661,-0.9895810080240414,0.0009712595783639699,0.9924740493297577,0.006554666440933943,-1.0821431092955074
2025-10-14,silver,1,0.7074704803359567,0.7074704803359567,0.0,0.7074704803359567,0.7074704803359567,0.8430628776550293,0.05731058493256569,0.0996265783905983,0.49038116877425864
2025-10-15,gold,2,0.528967667816097,0.528967667816097,0.6352210297093359,0.9781367654758698,0.07979857015632419,0.638342872262001,0.027933776495046914,0.33372340677306056,0.5811303801708748
2025-10-15,oil,1,-0.9950755327048638,-0.9950755327048638,0.0,-0.9950755327048638,-0.9950755327048638,0.0005018242518417537,0.9975348711013794,0.0019633392803370953,-0.689733799938562
2025-10-16,gold,3,-0.10736440892134287,0.025722272454710537,0.811272002611059,0.6291353461524891,-0.9769508453712283,0.31847140938043594,0.3347752757448082,0.34675333245346945,-0.1488386746726277
2025-10-16,oil,4,-0.3300439608517146,-0.16375632555939063,0.4598696478885894,-0.0018015185147781665,-0.9908616737732991,0.015502332404139452,0.4441306358203292,0.5403669673250988,-0.5311852633646655
2025-10-17,gold,2,-0.07988088608267496,-0.07988088608267496,0.0571160226335237,-0.039493759164106024,-0.1202680130012439,0.1217724084854126,0.3215445727109909,0.5566830188035965,-0.0877581230801241
2025-10-17,oil,2,-0.35822522044089855,-0.35822522044089855,0.8200658735317764,0.2216489197530902,-0.9380993606348873,0.24203372513875365,0.5207089111208916,0.23725741263478994,-0.3935506292872137
2025-10-18,gold,2,-0.3970315146531153,-0.3970315146531153,0.835857496144684,0.19400898897639918,-0.9880720182826298,0.2206071588152554,0.501954173669219,0.27743866643868387,-0.43618370098642517
2025-10-20,gold,2,-0.44985877063139873,-0.44985877063139873,0.6362181455078982,1.5394371165711185e-05,-0.8997329356339632,0.004281862173229456,0.474367730144877,0.5213503912091255,-0.4942203735807832
2025-10-20,oil,2,-0.6572308232312478,-0.6572308232312478,0.4786635350546852,-0.31876459168735527,-0.9956970547751405,0.002363867242820561,0.7812263071537018,0.21640978008508682,-0.7220418588933071
2025-10-21,gold,2,-0.2988840204007033,-0.2988840204007033,0.9831343530942641,0.39629694748970046,-0.994064988291107,0.3290867392643122,0.5939835906028748,0.07692971616052091,-0.32835765769874264
2025-10-21,oil,1,0.956230924805128,0.956230924805128,0.0,0.956230924805128,0.956230924805128,0.9779075980186462,0.00850364938378334,0.01358878705650568,0.6628087694929035
2025-10-22,gold,6,-0.045421297801007864,-0.11123648741321152,1.0366374931156368,0.9827717359331862,-0.9945757671989375,0.47338917339705705,0.49790318338394474,0.028707659531695146,-0.08838576437424499
2025-10-22,oil,2,0.0063339393515026154,0.0063339393515026154,1.4008829556821984,0.9969077769630389,-0.9842398982600337,0.4999714423902333,0.496269493480213,0.0037590291467495263,0.006958543607239291
2025-10-23,gold,2,-0.06559092790061821,-0.06559092790061821,0.08433068352320203,-0.005960129719265406,-0.12522172608197102,0.020223138853907585,0.21854445338249207,0.7612324059009552,-0.07205899941676315
2025-10-23,oil,3,0.2678658620148624,0.821393687199995,1.0955042530762558,0.9761576730072759,-0.9939537741626836,0.6317989585416702,0.3419580622576177,0.026242928269008797,0.37134093404772245
2025-10-24,gold,2,-0.4756217062848132,-0.4756217062848132,0.6446299871503796,-0.019799471014582792,-0.9314439415550436,0.015325003303587437,0.5544537082314491,0.4302213117480278,-0.5225238512817901
2025-10-24,oil,3,-0.5944738649549559,-0.9699326506315454,0.6722893660689369,0.18168225817613293,-0.9951712024094552,0.1934892323721821,0.7913094262282053,0.015201385132968426,-0.8241157668202027
2025-10-26,gold,1,-0.9956748728761028,-0.9956748728761028,0.0,-0.9956748728761028,-0.9956748728761028,0.0004552011378109455,0.9978352189064026,0.001709624077193439,-0.6901492308884526
2025-10-27,gold,2,0.022568816622483,0.022568816622483,1.3776788209690345,0.9967348532267748,-0.9515972199818088,0.49985807324992493,0.48794583047856577,0.01219611504347995,0.024794379282156928
2025-10-27,oil,1,-0.9928485200069553,-0.9928485200069553,0.0,-0.9928485200069553,-0.9928485200069553,0.0005308300023898482,0.9964179992675781,0.0030511983204632998,-0.6881901523659355
2025-10-28,gold,3,-0.2681034133176013,-0.8218517906963868,1.0993416650182832,0.9979998425538789,-0.9804582918102959,0.33516266006821144,0.6324017634712314,0.032435574530002974,-0.371670250079186
2025-10-28,oil,1,-0.9910440419974023,-0.9910440419974023,0.0,-0.9910440419974023,-0.9910440419974023,0.000696050061378628,0.9955121874809265,0.003791751340031624,-0.6869393835212314
2025-10-29,gold,1,0.9979345128724277,0.9979345128724277,0.0,0.9979345128724277,0.9979345128724277,0.9989668130874634,0.0004169316089246422,0.000616262259427458,0.6917154939809858
2025-10-29,oil,2,0.9951953508221945,0.9951953508221945,0.0027374097296389067,0.9971309918049082,0.9932597098394808,0.9975945055484772,0.0005101771530462429,0.0018953733379021287,1.0933338420386334
2025-10-30,gold,2,0.6958205886836847,0.6958205886836847,0.4183161841421862,0.991614799170705,0.4000263781966643,0.814142256975174,0.0020291834080126137,0.1838285740232095,0.7644370494361743
2025-10-30,oil,2,0.9429781704774534,0.9429781704774534,0.0768739287570411,0.9973362467980087,0.8886200941568981,0.9706814885139465,0.004022460663691163,0.02529611313366331,1.035967406032302
2025-10-31,gold,1,0.9957457204958114,0.9957457204958114,0.0,0.9957457204958114,0.9957457204958114,0.997870683670044,0.00035261426819488406,0.0017767586978152394,0.690198338716303
2025-10-31,oil,1,0.9416818475434064,0.9416818475434064,0.0,0.9416818475434064,0.9416818475434064,0.9704054594039917,0.0022275487426668406,0.027366936206817627,0.6527241176091925
2025-11-01,gold,1,0.8905231427651966,0.8905231427651966,0.0,0.8905231427651966,0.8905231427651966,0.9449765682220459,0.04957442730665207,0.005448946263641119,0.6172636056310776
2025-11-01,oil,1,-0.9668526055380285,-0.9668526055380285,0.0,-0.9668526055380285,-0.9668526055380285,0.002036027843132615,0.9832887053489685,0.014675192534923553,-0.6701711575457214
2025-11-02,gold,2,0.11061997804812515,0.11061997804812515,0.15642897298890596,0.2212319656226278,7.99047362247396e-06,0.23674058343749493,0.006450622575357556,0.7568087875843048,0.12152846725586683
2025-11-02,oil,1,-0.9065510041096444,-0.9065510041096444,0.0,-0.9065510041096444,-0.9065510041096444,0.0015200613997876644,0.9521309733390808,0.046349044889211655,-0.6283732725323874
2025-11-03,gold,3,-0.6016392088843608,-0.8426278627251031,0.5244312236937824,-3.0072459046071032e-05,-0.9622596914689331,0.005774579127319157,0.635442985376964,0.3587823957204819,-0.8340490427050214
2025-11-03,oil,2,0.07079773736623912,0.07079773736623912,0.7460650465316011,0.5983453909749914,-0.45674991624251315,0.3986586113460362,0.41489097476005554,0.1864504460245371,0.07777926428044772
2025-11-04,gold,1,-0.3991591763462454,-0.3991591763462454,0.0,-0.3991591763462454,-0.3991591763462454,0.018048394471406937,0.6320481896400452,0.349903404712677,-0.27667605767903003
2025-11-04,oil,3,-0.3504492763094047,-0.056052830395458386,0.5591562910230541,7.773965541163497e-07,-0.9952957759293097,0.0025131427973974496,0.4116200800732865,0.5858667518477887,-0.48582585560627417
2025-11-05,gold,3,0.8505753068404692,0.906761691749207,0.16135362280978513,0.9763239461712419,0.6686402826009588,0.9193463722864786,0.0012470905106359471,0.07940648465106885,1.1791477515807631
2025-11-05,oil,2,-0.4984541693474378,-0.4984541693474378,0.6956039056997011,-0.0065879306073314825,-0.9903204080875442,0.003089243225986138,0.5382487326860428,0.45866204355843365,-0.5476078757829502
2025-11-05,silver,1,0.9848906129854224,0.9848906129854224,0.0,0.9848906129854224,0.9848906129854224,0.9924166202545166,0.00041982767288573086,0.007163510657846928,0.6826741515508017
2025-11-06,gold,1,-0.9951995328591593,-0.9951995328591593,0.0,-0.9951995328591593,-0.9951995328591593,0.0003058570437133312,0.9975969195365906,0.0020972108468413353,-0.6898197502959009
2025-11-06,oil,1,-0.9961015781535759,-0.9961015781535759,0.0,-0.9961015781535759,-0.9961015781535759,0.0004949393915012479,0.9980490207672119,0.0014560646377503872,-0.6904450004484631
2025-11-06,silver,1,0.9933934927004417,0.9933934927004417,0.0,0.9933934927004417,0.9933934927004417,0.9966913461685181,0.0002637084398884326,0.003045022953301668,0.6885678986519078
2025-11-07,gold,1,0.615973410065483,0.615973410065483,0.0,0.615973410065483,0.615973410065483,0.7851213812828064,0.021027950569987297,0.19385066628456116,0.42696023248678455
2025-11-07,oil,1,0.9764262444423394,0.9764262444423394,0.0,0.9764262444423394,0.9764262444423394,0.988143265247345,0.0009729570592753589,0.010883698239922523,0.6768070983599435
2025-11-07,silver,1,0.0013840743809019618,0.0013840743809019618,0.0,0.0013840743809019618,0.0013840743809019618,0.037231240421533585,0.0014466379070654511,0.9613220691680908,0.0009593672548074466
2025-11-10,gold,1,0.9587063715612714,0.9587063715612714,0.0,0.9587063715612714,0.9587063715612714,0.9791926145553589,0.01057642512023449,0.010230902582406998,0.6645246184325505
2025-11-10,oil,2,0.6353271338194098,0.6353271338194098,0.13183850530867938,0.7285510349446757,0.542103232694144,0.8015203773975372,0.10135404765605927,0.09712560288608074,0.6979781965382922
2025-11-11,oil,2,0.49856066426883355,0.49856066426883355,0.7040221746681555,0.9963795180823863,0.0007418104552807479,0.5127128437161446,0.0005190514348214492,0.48676809447351843,0.5477248724122763
2025-11-12,gold,2,0.5764715272593484,0.5764715272593484,0.5814556675269403,0.9876227727269985,0.1653202817916982,0.7001945227384567,0.0007652890344616026,0.2990402588620782,0.6333187039143934
2025-11-12,oil,1,-0.9954558356273064,-0.9954558356273064,0.0,-0.9954558356273064,-0.9954558356273064,0.00048223798512481153,0.9977254271507263,0.0017922945553436875,-0.6899974058370117
2025-11-13,oil,3,-0.06447422639755018,-0.20238670691811222,1.0007834445734967,0.9981130388010085,-0.9891490110755469,0.4242811849301991,0.507074021656687,0.06864481741407265,-0.08938025649249101
2025-11-14,gold,2,0.9676277529267017,0.9676277529267017,0.005034561223854633,0.971187725308388,0.9640677805450152,0.983693391084671,0.004392605682369322,0.011914022965356708,1.0630477402215839
2025-11-14,oil,3,0.33263024395786456,0.9910098016788517,1.1431622473458063,0.9942594153794356,-0.9873784851846936,0.6644146318431012,0.3321437013607162,0.0034417034670089683,0.4611234315367212
2025-11-16,oil,1,-0.7695153999813709,-0.7695153999813709,0.0,-0.7695153999813709,-0.7695153999813709,0.0030170560348778963,0.8772254586219788,0.11975748836994171,-0.5333874298945458
2025-11-17,gold,4,0.3726831166353896,0.429143128918814,0.6589179829834907,0.9949832629411638,-0.36253705423723337,0.48268366648699157,0.16005316321388818,0.35726318834349513,0.5998103372370958
2025-11-17,oil,2,-0.6286344488431299,-0.6286344488431299,0.509488630488051,-0.2683715832875819,-0.988897314398678,0.09209891685168259,0.7720175683498383,0.1358834698330611,-0.6906255305791668
2025-11-18,gold,1,-0.9834266012629262,-0.9834266012629262,0.0,-0.9834266012629262,-0.9834266012629262,0.0006747966981492937,0.9916788935661316,0.0076462808065116405,-0.6816593759530468
2025-11-18,oil,2,0.9929472318749599,0.9929472318749599,0.0007287709937705751,0.9934625507865872,0.9924319129633328,0.9964674115180969,0.000382090758648701,0.003150478471070528,1.090864030936814
2025-11-19,gold,1,-0.9095139021730774,-0.9095139021730774,0.0,-0.9095139021730774,-0.9095139021730774,0.002882750704884529,0.9536887407302856,0.043428510427474976,-0.6304269969713425
2025-11-19,oil,2,-0.4624728677910898,-0.4624728677910898,0.6522060821156141,-0.0012935243960288112,-0.9236522111861508,0.009369417559355497,0.4992481879889965,0.4913824023678899,-0.5080783757308733
2025-11-20,gold,2,0.8958750463123082,0.8958750463123082,0.14377200824267405,0.9975372082855112,0.7942128843391051,0.9449778497219086,0.00106029785820283,0.053961811936460435,0.9842193349898137
2025-11-20,oil,2,-0.4904119784618075,-0.4904119784618075,0.693548182765211,6.446510801561001e-07,-0.9808246015746952,0.0014127181493677199,0.4953926754533313,0.5031946308445185,-0.5387726260481821
2025-11-21,gas,1,0.6358787111921632,0.6358787111921632,0.0,0.6358787111921632,0.6358787111921632,0.7974511384963989,0.007044589146971703,0.19550424814224243,0.4407575358409397
2025-11-21,gold,2,-0.5417686524974938,-0.5417686524974938,0.6383800251672259,-0.09036580772770952,-0.9931714972672782,0.003042930009542033,0.6486202925443649,0.3483368012821302,-0.5951936992489095
2025-11-21,oil,1,-0.987498975054831,-0.987498975054831,0.0,-0.987498975054831,-0.987498975054831,0.0012975189602002501,0.9937306642532349,0.004971791058778763,-0.6844821303650919
2025-11-24,gold,3,-0.5498420721828857,-0.6639974827893524,0.5026628348218162,8.077328412792184e-05,-0.9856095070434324,0.016018979911071558,0.6045908691982428,0.3793901177123189,-0.7622429641736104
2025-11-24,oil,4,-0.043165414440683114,-0.09242886674254136,1.0843111894216115,0.9964108837685205,-0.9842148080461702,0.47243637873907574,0.4965142392611597,0.03104939401964657,-0.0694720545067658
2025-11-25,gold,2,0.012877251566976099,0.012877251566976099,0.01819332834547398,0.025741877412414182,1.2625721538015583e-05,0.08224029105622321,0.006284115446760552,0.9114755988121033,0.014147106815750616
2025-11-25,oil,2,-0.3973475934859941,-0.3973475934859941,0.7881663309134923,0.1599701638058567,-0.9546653507778449,0.2026876718737185,0.489240953233093,0.30807136837393045,-0.43653094907641365
2025-11-26,gold,1,0.7103858617392516,0.7103858617392516,0.0,0.7103858617392516,0.7103858617392516,0.8428459167480469,0.0018310841405764222,0.15532302856445312,0.4924019571742093
2025-11-26,oil,1,0.9955218129034263,0.9955218129034263,0.0,0.9955218129034263,0.9955218129034263,0.9977585077285767,0.0005054294015280902,0.0017360341735184193,0.6900431377999353
2025-11-27,gas,1,-0.997149326798454,-0.997149326798454,0.0,-0.997149326798454,-0.997149326798454,0.00032363287755288184,0.9985736608505249,0.0011026307474821806,-0.6911712444675959
2025-11-27,gold,1,0.9155699224128164,0.9155699224128164,0.0,0.9155699224128164,0.9155699224128164,0.9568547606468201,0.0010200280230492353,0.04212528467178345,0.6346247103259316
2025-11-27,oil,2,-0.024368172316223846,-0.024368172316223846,1.3745901837461705,0.9476138679631556,-0.9963502125956033,0.48688036837847903,0.5020569018088281,0.01106271002208814,-0.026771173558985555
2025-11-28,gold,2,0.46837307542783213,0.46837307542783213,0.6597182177335974,0.9348643008595621,0.001881849996102197,0.5051343869417906,0.0012502077006502077,0.49361542239785194,0.5145604163462919
2025-11-28,oil,1,-0.9958313372036062,-0.9958313372036062,0.0,-0.9958313372036062,-0.9958313372036062,0.0003132526180706918,0.9979135394096375,0.0017732047708705068,-0.6902576836959198
2025-11-29,silver,1,0.9937428194969877,0.9937428194969877,0.0,0.9937428194969877,0.9937428194969877,0.9968666434288025,0.0005487405578605831,0.0025846001226454973,0.6888100335360277
2025-12-01,gold,1,-0.9944933264830761,-0.9944933264830761,0.0,-0.9944933264830761,-0.9944933264830761,0.0003870353102684021,0.9972429275512695,0.002370017347857356,-0.6893302453374254
2025-12-01,oil,2,0.006994969188722999,0.006994969188722999,1.3590769779584455,0.9680075164576598,-0.9540175780802138,0.49382048193365335,0.4893239980447106,0.01685557747259736,0.007684759109585886
2025-12-01,silver,1,0.9163394347385495,0.9163394347385495,0.0,0.9163394347385495,0.9163394347385495,0.9572880268096924,0.0078112161718308926,0.03490066900849342,0.6351580956249195
2025-12-02,gold,1,-0.9913747610013872,-0.9913747610013872,0.0,-0.9913747610013872,-0.9913747610013872,0.00047543630353175104,0.9956781268119812,0.003846381790935993,-0.6871686204664011
2025-12-02,oil,1,0.9964086035949623,0.9964086035949623,0.0,0.9964086035949623,0.9964086035949623,0.9982028007507324,0.0005117818363942206,0.0012853832449764013,0.6906578142675203
2025-12-02,silver,1,-0.9112960242900228,-0.9112960242900228,0.0,-0.9112960242900228,-0.9112960242900228,0.004303602501749992,0.9546279311180115,0.04106840491294861,-0.6316622698921167
2025-12-03,gold,1,-0.10752078048715785,-0.10752078048715785,0.0,-0.10752078048715785,-0.10752078048715785,0.012737642973661423,0.3281509280204773,0.6591114401817322,-0.07452772584627824
2025-12-03,oil,2,0.0654655490982401,0.0654655490982401,1.2564803995319598,0.9539313600352713,-0.8230002618387912,0.5147783253341913,0.4576900666579604,0.02753164153546095,0.07192125672373206
2025-12-04,gold,1,0.7721265317974054,0.7721265317974054,0.0,0.7721265317974054,0.7721265317974054,0.8801434636116028,0.05025920644402504,0.06959732621908188,0.5351973285509005
2025-12-04,oil,2,0.5971010131571848,0.5971010131571848,0.5387538389939088,0.978057506100063,0.2161445202143064,0.7271894812583923,0.011294297757558525,0.26151623111218214,0.6559825106306619
2025-12-05,gold,1,0.7691484483874623,0.7691484483874623,0.0,0.7691484483874623,0.7691484483874623,0.8771777749061584,0.017100375145673752,0.10572182387113571,0.5331330784318261
2025-12-05,oil,2,0.0047387316440150595,0.0047387316440150595,1.3958929005982024,0.9917840674671633,-0.9823066041791332,0.49846723495284095,0.496636806987226,0.004895968013443053,0.005206028816815379
2025-12-07,oil,1,-0.25744503351576176,-0.25744503351576176,0.0,-0.25744503351576176,-0.25744503351576176,0.03449702635407448,0.5085617899894714,0.4569412171840668,-0.1784472991306109
2025-12-07,silver,1,0.995822702503905,0.995822702503905,0.0,0.995822702503905,0.995822702503905,0.9979098439216614,0.0012115767458453774,0.0008784651290625334,0.6902516985781669
2025-12-08,gold,3,0.4641035526334534,0.3215142798011304,0.42902363753208606,0.9462661800347059,0.12453019806452392,0.6748878161112467,0.11154782145361726,0.2135643195360899,0.6433841379914648
2025-12-08,oil,3,-0.9675191770996805,-0.9684457120566572,0.027461510624840778,-0.939606124275431,-0.9945056949669534,0.0030767589535874626,0.9835691849390665,0.013354078051634133,-1.341266379488644
2025-12-09,gold,1,-0.004461834653275654,-0.004461834653275654,0.0,-0.004461834653275654,-0.004461834653275654,0.011706818826496601,0.06781507283449173,0.920478105545044,-0.0030927081100426803
2025-12-09,oil,2,0.05392190428585508,0.05392190428585508,1.3329362370574376,0.9964501563984487,-0.8886063478267385,0.5013787231873721,0.4714275564838317,0.027193700254429132,0.05923926667682601
2025-12-10,gold,1,-0.06259298975814098,-0.06259298975814098,0.0,-0.06259298975814098,-0.06259298975814098,0.011745881289243698,0.25046151876449585,0.7377926707267761,-0.04338615437367296
2025-12-10,oil,2,-0.007358190264146636,-0.007358190264146636,1.379034153961886,0.9677662114901564,-0.9824825920184497,0.4935441438574344,0.5001492826268077,0.006306561175733805,-0.00808379824654954
2025-12-11,gold,2,0.026338221912510063,0.026338221912510063,1.3220785719511279,0.9611889454005794,-0.9085125015755593,0.49272737512364984,0.4772246301290579,0.03004804439842701,0.02893549425475124
2025-12-11,oil,2,0.001475899230946709,0.001475899230946709,1.407924741353416,0.9970290312422632,-0.9940772327803697,0.4994544618530199,0.49871025494940113,0.0018353320774622262,0.001621441031953867
2025-12-12,gold,2,-0.3471317945320439,-0.3471317945320439,0.8545451817745321,0.25712289833101865,-0.9513864873951065,0.25559411849826574,0.49559833388775587,0.24880755599588156,-0.3813632552603168
2025-12-12,oil,1,-0.9969818569045162,-0.9969818569045162,0.0,-0.9969818569045162,-0.9969818569045162,0.0003381582791917026,0.9984898567199707,0.0011720077600330114,-0.6910551631827843
2025-12-12,silver,1,-0.3458910686212095,-0.3458910686212095,0.0,-0.3458910686212095,-0.3458910686212095,0.027955060824751854,0.5887890458106995,0.38325586915016174,-0.2397534189956579
2025-12-13,oil,2,-0.9902879164480214,-0.9902879164480214,0.008881956897008492,-0.98400742449594,-0.9965684084001026,0.000757319008698687,0.9951274991035461,0.004115188610740006,-1.0879424743293347
2025-12-14,gas,1,0.0024347234668981727,0.0024347234668981727,0.0,0.0024347234668981727,0.0024347234668981727,0.04934415593743324,0.0003496667486615479,0.9503061771392822,0.0016876217065236036
2025-12-15,gold,1,0.9677764474571896,0.9677764474571896,0.0,0.9677764474571896,0.9677764474571896,0.9837566614151001,0.0008105890010483563,0.015432815067470074,0.670811515967271
2025-12-15,oil,2,-0.8993562422342727,-0.8993562422342727,0.12020326290475798,-0.8143596999135689,-0.9843527845549764,0.022134221042506397,0.9477894604206085,0.030076335882768035,-0.9880438196089453
2025-12-16,gold,1,0.8919623017542809,0.8919623017542809,0.0,0.8919623017542809,0.8919623017542809,0.9444384574890137,0.0013026980450376868,0.05425884574651718,0.6182611546267389
2025-12-16,oil,1,0.7811717541300599,0.7811717541300599,0.0,0.7811717541300599,0.7811717541300599,0.8846250176429749,0.03727833181619644,0.07809664309024811,0.5414669989083178
2025-12-17,gold,2,0.4304017833458304,0.4304017833458304,0.07804289108982121,0.48558644085884617,0.37521712583281464,0.6570852994918823,0.04503735387697816,0.29787732660770416,0.47284468824839865
2025-12-17,oil,3,0.2426248345649089,0.7096951460821999,1.060174104682993,0.9890657628586964,-0.9708864052461695,0.6153766507438073,0.3641734435223043,0.02044989859374861,0.3363494400249795
2025-12-18,gold,3,0.37644170876644906,0.7483101109298815,0.8593945615700946,0.9872787615967743,-0.6062637462273086,0.6222697788228592,0.263946328642002,0.11378385623296101,0.5218590181532644
2025-12-18,oil,1,0.9424832039712558,0.9424832039712558,0.0,0.9424832039712558,0.9424832039712558,0.9708660840988159,0.00988546572625637,0.01924847811460495,0.6532795755577798
2025-12-19,gas,1,-0.9970606752141905,-0.9970606752141905,0.0,-0.9970606752141905,-0.9970606752141905,0.0003356977831572294,0.998529314994812,0.0011349922278895974,-0.6911097958719115
2025-12-19,gold,1,0.991503235589648,0.991503235589648,0.0,0.991503235589648,0.991503235589648,0.9957426190376282,0.0004134494229219854,0.0038438881747424603,0.6872576722650278
2025-12-19,oil,1,-0.9822242883242323,-0.9822242883242323,0.0,-0.9822242883242323,-0.9822242883242323,0.0009129183599725366,0.9910727143287659,0.008014370687305927,-0.6808259961294404
2025-12-21,oil,2,-0.7709628132259208,-0.7709628132259208,0.2867473219399844,-0.5682018373950757,-0.9737237890567658,0.01347760809585452,0.8704556226730347,0.11606679437682033,-0.8469892207161333
2025-12-22,gold,3,0.9913560564905666,0.995257560474643,0.006995944726650045,0.9955312283158004,0.9832793806812565,0.995664636294047,0.00047434234875254333,0.0038610397605225444,1.374311310974924
2025-12-22,oil,3,-0.11351263697992324,-0.4745247205643948,0.978456862345974,0.9941560324572296,-0.8601692228326044,0.405957285547629,0.5504049748803178,0.04363769688643515,-0.15736192856111675
2025-12-23,gas,1,0.950125876064341,0.950125876064341,0.0,0.950125876064341,0.950125876064341,0.9747440218925476,0.00028152772574685514,0.02497440204024315,0.6585770721710459
2025-12-23,gold,4,0.7464668377943889,0.9943003136104351,0.4978414802492129,0.9975583381729743,-0.00029161421628914885,0.7489901494700462,0.0047665845704614185,0.24624328035861254,1.2013920291210856
2025-12-23,oil,1,0.7957091286072391,0.7957091286072391,0.0,0.7957091286072391,0.7957091286072391,0.8947798013687134,0.07015502452850342,0.035065218806266785,0.5515435390399187
2025-12-24,gas,1,0.9944022828119814,0.9944022828119814,0.0,0.9944022828119814,0.9944022828119814,0.9971972703933716,0.0002952214563265443,0.0025075343437492847,0.6892671386734982
2025-12-24,gold,1,0.9945793572799635,0.9945793572799635,0.0,0.9945793572799635,0.9945793572799635,0.9972860813140869,0.0005052112392149866,0.0022086226381361485,0.6893898773417292
2025-12-24,oil,2,0.6104406594024048,0.6104406594024048,0.3681703183571187,0.8707763881443334,0.3501049306604761,0.7624263763427734,0.001255770243005827,0.23631782084703445,0.670637609922146
2025-12-25,silver,1,-0.9568937206762662,-0.9568937206762662,0.0,-0.9568937206762662,-0.9568937206762662,0.005477560684084892,0.9782247543334961,0.016297629103064537,-0.6632681845822698
2025-12-26,gold,3,0.5836404324162555,0.6127240297216616,0.42751029231026144,0.9958663203414352,0.14233094718566985,0.7228932877381643,0.04387079922404761,0.23323589380985746,0.8090974403802296
2025-12-26,oil,2,-0.9582138680923113,-0.9582138680923113,0.05199912230662297,-0.9214449360935496,-0.9949828000910732,0.0014387569390237331,0.9787053167819977,0.019855952356010675,-1.0527055306584163
2025-12-29,gold,1,0.9971963997382411,0.9971963997382411,0.0,0.9971963997382411,0.9971963997382411,0.9985974431037903,0.0006520521710626781,0.0007505332469008863,0.69120387294309
2025-12-29,oil,2,0.9039475480353701,0.9039475480353701,0.13039297903153954,0.9961493077276871,0.8117457883430532,0.9499043822288513,0.018895906978286803,0.031199731689412147,0.9930878845830641
2025-12-29,silver,2,0.40476992848616894,0.40476992848616894,0.8362458121721269,0.9960850130119318,-0.18654515603959387,0.5125531908124685,0.21661564923124388,0.2708312012255192,0.44468521751821716
2025-12-30,gold,1,0.8610880374154236,0.8610880374154236,0.0,0.8610880374154236,0.8610880374154236,0.9282639622688293,0.024205734953284264,0.04753033444285393,0.5968607453483975
2025-12-30,oil,2,-0.07479672086472533,-0.07479672086472533,1.2978922428153976,0.8429516852794594,-0.9925451270089101,0.45945873530581594,0.4987287260591984,0.041812599170953035,-0.08217259669406565
2025-12-31,gold,2,0.004563549086225138,0.004563549086225138,1.4047890070795845,0.9978993821285164,-0.9887722839560661,0.5001063808449544,0.4973777815030189,0.0025158727075904608,0.00501357110606706
2025-12-31,oil,1,0.21605869268459266,0.21605869268459266,0.0,0.21605869268459266,0.21605869268459266,0.46788233518600464,0.05343423783779144,0.47868335247039795,0.1497604736697931
2026-01-01,oil,1,0.7900577291572258,0.7900577291572258,0.0,0.7900577291572258,0.7900577291572258,0.8889593482017517,0.013822254724800587,0.09721832722425461,0.5476262874449239
2026-01-02,oil,2,0.49577337936129434,0.49577337936129434,0.7058046312460379,0.9948526203082383,-0.0033058615856496054,0.5042701698839664,0.029838309448678046,0.46589156019035727,0.5446627269608346
2026-01-03,oil,2,-0.9228988850710059,-0.9228988850710059,0.09274964441478482,-0.8573149825526706,-0.9884827875893413,0.002336106786970049,0.9600718915462494,0.03759200102649629,-1.0139080563371046
2026-01-04,oil,7,-0.1645444032237245,1.1707680839558032e-06,0.4828963027410042,0.242437348726936,-0.9768723193178018,0.19004294324466692,0.2869658657956669,0.5229911861409035,-0.3421604675143302
2026-01-05,gold,1,0.9719368937407378,0.9719368937407378,0.0,0.9719368937407378,0.9719368937407378,0.9858695268630981,0.0013299278216436505,0.012800607830286026,0.6736953175785835
2026-01-05,oil,6,-0.07459304255452262,-0.25343445653334945,0.8898587847486376,0.9958470139358406,-0.9958070347834016,0.3373862581550687,0.4449615051125875,0.21765224585154405,-0.14515135855576045
2026-01-06,gold,2,0.007507824973805977,0.007507824973805977,1.3948537597106367,0.9938183772287483,-0.9788027272811364,0.49889496466494165,0.4950016673828941,0.006103328429162502,0.008248188777392576
2026-01-06,oil,4,0.5284578309145964,0.5584641293444599,0.45544989590680046,0.9962205257104354,0.0006825392590306123,0.6240749121643603,0.037746945476101246,0.33817816810915247,0.8505200681966408
2026-01-06,silver,1,0.37556143842778944,0.37556143842778944,0.0,0.37556143842778944,0.37556143842778944,0.6145557761192322,0.04601484164595604,0.3394293785095215,0.26031935217325974
2026-01-07,gold,2,0.0019133694077708707,0.0019133694077708707,1.3997476622301157,0.9916844333207027,-0.9878576945051609,0.4981282012304291,0.49717810342554003,0.004693730850704014,0.002102051144138702
2026-01-07,oil,10,-0.47060856625381725,-0.6591662666850058,0.6217864187284271,0.797774156333757,-0.995943172897884,0.09188302501279395,0.6073270497014164,0.3007899236283265,-1.128470056358447
2026-01-08,gas,1,0.23840299779619403,0.23840299779619403,0.0,0.23840299779619403,0.23840299779619403,0.4882664084434509,0.0010550693841651082,0.5106784701347351,0.16524836575947074
2026-01-08,gold,2,-0.4720263327351652,-0.4720263327351652,0.7412566279196837,0.05212125546631663,-0.996173920936647,0.11492582233040594,0.510104987770319,0.37496921088313684,-0.5185739297177946
2026-01-08,oil,5,-0.04376955192112453,0.00014902548659562892,0.6778104274412765,0.9891061626134925,-0.8591600193245654,0.2282842628657818,0.3085892854607664,0.4631264080293477,-0.07842450911854387
2026-01-09,gold,2,-0.10155884262951731,-0.10155884262951731,1.2622043636472282,0.7909544221486887,-0.9940721074077233,0.4448407372983638,0.4997037920402363,0.055455456487834454,-0.11157379253569841
2026-01-09,oil,2,0.03120480855990231,0.03120480855990231,0.04413039039504625,0.062409706864649195,-8.974484457663356e-08,0.12607632493018173,0.014900877751642838,0.8590227663516998,0.0342819861494445
2026-01-10,oil,3,0.0027457397756304506,2.9638830432485164e-05,0.9934833874879715,0.9975843931345246,-0.9893768126380658,0.3349680577327187,0.3317706056501872,0.33326133210600045,0.003806403568059087
2026-01-11,oil,1,-0.9130975513167364,-0.9130975513167364,0.0,-0.9130975513167364,-0.9130975513167364,0.0020033230539411306,0.955563485622406,0.042433202266693115,-0.6329109932713858
2026-01-11,silver,1,0.9923191963971645,0.9923191963971645,0.0,0.9923191963971645,0.9923191963971645,0.9961536526679993,0.001687701209448278,0.0021587014198303223,0.6878232531982051
2026-01-12,gold,2,0.9198144780633304,0.9198144780633304,0.08835530757963593,0.9822911152067142,0.8573378409199467,0.9585192203521729,0.001958296721568331,0.03952248487621546,1.0105194888952183
2026-01-12,oil,3,0.291079381205942,-0.030866793841315854,0.5612165972603438,0.9391120793726719,-0.03500714191353005,0.448308269182841,0.19943781134982905,0.35225389649470645,0.40352170480406446
2026-01-13,gold,1,0.9242134192755919,0.9242134192755919,0.0,0.9242134192755919,0.9242134192755919,0.9613609910011292,0.001232830574735999,0.03740619495511055,0.6406159258065431
2026-01-13,oil,3,0.32954941734194276,0.00757849313679998,0.5642448365676062,0.981068546554193,1.212334835299679e-06,0.35956452034103376,0.002130992608726956,0.638304482990255,0.4568524989714807
2026-01-14,gold,2,0.4097967489693711,0.4097967489693711,0.5795357279311589,0.8195903921293757,3.105809366632517e-06,0.45369620819110423,0.011975764646194875,0.5343280285596848,0.4502077442739917
2026-01-14,oil,1,0.6786970221022033,0.6786970221022033,0.0,0.6786970221022033,0.6786970221022033,0.826718270778656,0.06903645396232605,0.10424533486366272,0.4704369273245731
2026-01-15,gold,1,-0.9962416091396255,-0.9962416091396255,0.0,-0.9962416091396255,-0.9962416091396255,0.00034693186171352863,0.998119056224823,0.0015339326346293092,-0.6905420625316344
2026-01-15,oil,5,-0.10055163493379755,-0.00024932515090847485,0.7640819913006449,0.6641904302624039,-0.9873617083488206,0.3254134099232033,0.40347317811101674,0.2711134162731469,-0.18016434403899426
2026-01-16,gold,1,-0.9917405209934022,-0.9917405209934022,0.0,-0.9917405209934022,-0.9917405209934022,0.0005690384423360229,0.9958618879318237,0.0035691289231181145,-0.6874221459736279
2026-01-16,oil,2,0.9846562058319306,0.9846562058319306,0.007149233694608716,0.9897114774576758,0.9796009342061854,0.9922957420349121,0.001078604196663946,0.006625609006732702,1.0817554078402747
2026-01-17,oil,1,2.627160512086446e-05,2.627160512086446e-05,0.0,2.627160512086446e-05,2.627160512086446e-05,0.00884529110044241,0.007208848372101784,0.983945906162262,1.8210089018311423e-05
2026-01-18,oil,2,0.49393818956963303,0.49393818956963303,0.6976284384726082,0.9872359891621965,0.0006403899770695692,0.5094628129154444,0.0008716931333765388,0.48966550547629595,0.5426465649036772
2026-01-19,gas,1,0.027708882482332345,0.027708882482332345,0.0,0.027708882482332345,0.027708882482332345,0.16649511456489563,0.0034254330676048994,0.8300794959068298,0.019206333769095522
2026-01-19,gold,4,0.3146979878644844,0.131019066381261,0.4713286085934332,0.9969622974547081,-0.0002084787592926407,0.40177653345745057,0.08339758871443337,0.5148259064008016,0.5064868726358276
2026-01-19,oil,2,0.9376838421253455,0.9376838421253455,0.04931927821841426,0.9725578381968122,0.9028098460538787,0.9682328999042511,0.009005002561025321,0.022762111853808165,1.0301509918444323
2026-01-19,silver,1,-0.8094693228562082,-0.8094693228562082,0.0,-0.8094693228562082,-0.8094693228562082,0.08151224255561829,0.9033900499343872,0.01509772427380085,-0.5610813788875488
2026-01-20,gold,1,0.8861593764937964,0.8861593764937964,0.0,0.8861593764937964,0.8861593764937964,0.9415318369865417,0.01796891912817955,0.04049918055534363,0.614238873343434
2026-01-20,oil,3,0.3308786566030247,0.0015595689704377413,0.5717546421828178,0.9910834301897523,-7.029351116044635e-06,0.34577852115035057,0.002289928689909478,0.6519315644788245,0.45869521586369777
2026-01-21,gold,2,0.49471530025942384,0.49471530025942384,0.6984201039014507,0.9885728918451527,0.0008577086736949457,0.5128681734204292,0.006366946967318654,0.48076491011306643,0.5435003082571368
2026-01-21,oil,3,-0.029435059753242954,0.00010344418345292674,0.9389157483397196,0.8943628888928468,-0.9827715123360286,0.32048554982369143,0.3445876284822589,0.3349267893160383,-0.04080565735514775
2026-01-22,gold,3,-0.07398458610909242,-0.20982802661478184,0.9879104691800881,0.9748178684174481,-0.9869436001299435,0.33488693096054095,0.4841206003911793,0.18099244699502984,-0.1025644145328238
2026-01-22,oil,1,-0.847594394902421,-0.847594394902421,0.0,-0.847594394902421,-0.847594394902421,0.005760457366704941,0.9206669330596924,0.07357263565063477,-0.5875076650850259
2026-01-23,gold,2,0.38407929597433493,0.38407929597433493,0.5018547084111313,0.7389441634622433,0.029214428486426535,0.5179052799940109,0.047979835740989074,0.43411489203572273,0.4219542343804004
2026-01-24,oil,1,0.9910288143009011,0.9910288143009011,0.0,0.9910288143009011,0.9910288143009011,0.9955055713653564,0.001602391479536891,0.0028919975738972425,0.6869288284863352
2026-01-25,oil,1,0.950788565678312,0.950788565678312,0.0,0.950788565678312,0.950788565678312,0.9750840663909912,0.0005191691452637315,0.02439686842262745,0.6590364136085564
2026-01-25,silver,1,0.9940035038961271,0.9940035038961271,0.0,0.9940035038961271,0.9940035038961271,0.9969973564147949,0.0004528893332462758,0.0025497740134596825,0.6889907261923071
2026-01-26,gold,2,0.994646537271739,0.994646537271739,0.002508179997739547,0.9964200883565771,0.992872986186901,0.9973194897174835,0.0006097241421230137,0.00207079149549827,1.0927309087279156
2026-01-26,oil,3,-0.3334326231974117,-0.996407404337371,1.1484735981388223,0.9927104541814508,-0.9966009194363149,0.33244501414204325,0.6656242708074084,0.0019306526131307085,-0.462235765351985
2026-01-27,gold,3,0.3323220053247073,0.00045639209465171,0.5752032051409027,0.9965094037609713,2.2011849890989782e-07,0.34004695414720726,0.0004105855623492971,0.6595424458306903,0.46069612205769594
2026-01-27,oil,3,0.6514532125647375,0.9765928151823694,0.5641165233160176,0.9776989500692734,6.787244256995992e-05,0.661763139689962,0.002413864383318772,0.335822999322166,0.903105915111933
2026-01-28,gold,3,0.6166516307561318,0.8599061771225893,0.537971990236487,0.9900337327700235,1.4982375782617019e-05,0.6420680790518721,0.0008734578441362828,0.35705847572535276,0.8548606784926105
2026-01-28,oil,1,0.9884951677137485,0.9884951677137485,0.0,0.9884951677137485,0.9884951677137485,0.9942321181297302,0.0015611161943525076,0.004206664860248566,0.685172638497915
2026-01-29,gold,2,0.9972921999268827,0.9972921999268827,0.0005702221822381209,0.9976954078987262,0.9968889919550391,0.9986452162265778,0.00033368826552759856,0.0010210928739979863,1.0956374662325268
2026-01-29,oil,2,0.9868994082072753,0.9868994082072753,0.002814838908434795,0.9888897998873774,0.9849090165271733,0.9934293329715729,0.0016271190834231675,0.004943614942021668,1.0842198175357978
2026-01-30,gold,5,0.3983677243490596,0.9898498967853302,0.889595363538004,0.9979126605572929,-0.9938000140517752,0.5993132217612583,0.19965783163206652,0.20102893208386377,0.7137791423372591
2026-01-30,oil,3,-0.07472268454849396,-0.21096702410899226,0.989109125390634,0.9754458038360855,-0.9886468333725751,0.3560725833522156,0.4890376616579791,0.15488974346468845,-0.10358763623731755
2026-01-31,gold,1,-0.9931324693700893,-0.9931324693700893,0.0,-0.9931324693700893,-0.9931324693700893,0.00045829839655198157,0.9965603947639465,0.0029812476132065058,-0.6883869710664136
2026-01-31,oil,1,0.9975155374175882,0.9975155374175882,0.0,0.9975155374175882,0.9975155374175882,0.9987571239471436,0.0004984749248251319,0.0007444078801199794,0.6914250823257398
2026-02-01,oil,3,0.29076250812431537,0.8692689044902857,1.107843257984474,0.9895955644173237,-0.9865769445346633,0.6429513111555328,0.3313593925461949,0.025689349975436926,0.40308242543781475
2026-02-01,silver,1,0.9908012097967156,0.9908012097967156,0.0,0.9908012097967156,0.9908012097967156,0.9953905344009399,0.0010456792078912258,0.0035637991968542337,0.6867710650659763
2026-02-02,gold,5,-0.5372761173635177,-0.7618896757745629,0.5247955907356303,0.06407850222976108,-0.9953901258884941,0.05977320646634325,0.5946160178631544,0.34561079791747035,-0.9626695708761666
2026-02-02,oil,2,-0.23302690349755417,-0.23302690349755417,0.9668083471467398,0.45060983487766326,-0.9166636418727716,0.35063497303053737,0.5700293406844139,0.07933567091822624,-0.2560062197726907
2026-02-03,gold,3,0.6590437070538654,0.9808226363350215,0.570816269926544,0.9963258539246798,-1.7369098104999536e-05,0.663420682734189,0.0017727315134834498,0.3348066423786804,0.9136285748203227
2026-02-03,oil,1,0.7732486549941566,0.7732486549941566,0.0,0.7732486549941566,0.7732486549941566,0.8804545998573303,0.04417738318443298,0.07536802440881729,0.5359751250809696
2026-02-04,gas,1,0.9827101585562151,0.9827101585562151,0.0,0.9827101585562151,0.9827101585562151,0.9913188815116882,0.0017410512082278728,0.006940001621842384,0.6811627757108573
2026-02-04,gold,1,0.9965279734009592,0.9965279734009592,0.0,0.9965279734009592,0.9965279734009592,0.9982625842094421,0.0003590454871300608,0.0013784551993012428,0.6907405551119911
2026-02-04,oil,2,0.49455309298209305,0.49455309298209305,0.6993951590456975,0.9891001526723496,6.033291836481103e-06,0.4984974437393248,0.000515332430950366,0.5009872235823423,0.5433221053489498
2026-02-05,gold,1,0.8217829816958936,0.8217829816958936,0.0,0.8217829816958936,0.8217829816958936,0.9065288305282593,0.00339419930242002,0.0900769904255867,0.5696165567946537
2026-02-05,oil,2,0.08663486464238584,0.08663486464238584,1.2882150014098477,0.997540427765527,-0.8242706984807553,0.5290166269987822,0.45506425078201573,0.015919073281111196,0.09517812692322342
2026-02-06,gold,3,-0.8143336209660341,-0.9790194466161454,0.2996377776147988,-0.4684727165419389,-0.9955086997400182,0.0033544099618059895,0.8905695875485738,0.10607599292416126,-1.1289061068155555
2026-02-06,silver,1,4.855875806869525e-07,4.855875806869525e-07,0.0,4.855875806869525e-07,4.855875806869525e-07,0.0007125699776224792,0.00014901105896569788,0.999138355255127,3.365836624680861e-07
2026-02-07,gold,1,0.9161722213621303,0.9161722213621303,0.0,0.9161722213621303,0.9161722213621303,0.9572542905807495,0.01279242243617773,0.029953191056847572,0.6350421921445026
2026-02-07,oil,1,0.6336968459258074,0.6336968459258074,0.0,0.6336968459258074,0.6336968459258074,0.8093013763427734,0.14584878087043762,0.04484985023736954,0.43924518208320346
2026-02-08,gold,1,-0.9960466873403772,-0.9960466873403772,0.0,-0.9960466873403772,-0.9960466873403772,0.0003747798327822238,0.9980214834213257,0.0016037904424592853,-0.6904069530360558
2026-02-09,gold,3,0.6206155693240277,0.8869642544646142,0.539262681046981,0.9748815026982737,9.508091952104003e-07,0.6435241824947298,0.0027870564566304288,0.35368874948471785,0.8603558641771102
2026-02-09,oil,3,-0.32391387648202546,-0.980510322782053,1.1382392514173438,0.9904114373185172,-0.9816427439825407,0.33273567984967184,0.6604993803387819,0.006764964200556278,-0.44903998045551663
2026-02-10,gold,2,0.39969127348598854,0.39969127348598854,0.8425297472361629,0.9954497711080672,-0.19606722413609012,0.5017216026317328,0.22158341528847814,0.2766949738143012,0.43910574472511327
2026-02-10,oil,2,0.024059177134040856,0.024059177134040856,0.12254165473814502,0.11070921217720382,-0.06259085790912211,0.2699035778641701,0.16319429699797183,0.5669021159410477,0.026431707654700078
2026-02-11,gold,2,-0.12063000925756162,-0.12063000925756162,0.19843617680904627,0.01968555699684771,-0.26094557551197095,0.1872040331363678,0.3518412560224533,0.4609547108411789,-0.13252561055250503
2026-02-11,oil,3,-0.26867925560634076,-0.8432887160430106,1.077992403501122,0.9748867349319106,-0.9376357857079223,0.338586051017046,0.629834381553034,0.03157957301785549,-0.3724685369969599
2026-02-11,silver,1,0.4922461125694515,0.4922461125694515,0.0,0.4922461125694515,0.4922461125694515,0.7156690955162048,0.14119534194469452,0.14313559234142303,0.3411990050691088
2026-02-12,gold,2,-0.192232808409402,-0.192232808409402,0.2718602198973087,1.3966148509712145e-06,-0.38446701343365497,0.009090419043786824,0.3102251490781782,0.6806844174861908,-0.2111893256037514
2026-02-12,oil,3,-0.6353363197088724,-0.9157100258881603,0.5514907981097737,1.2162611291662712e-05,-0.9903110958497484,0.0031027320267943046,0.6507799347746186,0.3461173550846676,-0.8807631574270738
2026-02-13,gold,3,0.3188237816985979,0.9703297137420933,1.1323266558532095,0.9748134861052139,-0.9886718547515136,0.6576942267517248,0.3328339795116335,0.009471833240240812,0.4419836107596852
2026-02-14,gold,1,0.9853449888866008,0.9853449888866008,0.0,0.9853449888866008,0.9853449888866008,0.9926458597183228,0.000905979482922703,0.006448153872042894,0.6829891009256179
2026-02-14,oil,1,0.9954324233877406,0.9954324233877406,0.0,0.9954324233877406,0.9954324233877406,0.9977136850357056,0.00039269737317226827,0.0018936373526230454,0.6899811777091661
2026-02-15,oil,1,-0.011352364144588178,-0.011352364144588178,0.0,-0.011352364144588178,-0.011352364144588178,0.006446937099099159,0.10674233734607697,0.8868107199668884,-0.007868859199511111
2026-02-16,gold,5,0.4067326491091083,0.19154648824416898,0.5099689330516656,0.9972849806659422,-0.06712222076910734,0.49267512902151794,0.05430463935772423,0.45302026888821273,0.7287670754854566
2026-02-16,oil,2,0.11983252934257194,0.11983252934257194,1.2395591113232023,0.9963331826407789,-0.756668123955635,0.5058166533708572,0.43533081555506214,0.058852567395661026,0.13164948931793138
2026-02-17,oil,1,-0.9974432777830596,-0.9974432777830596,0.0,-0.9974432777830596,-0.9974432777830596,0.00034643078106455505,0.9987208247184753,0.0009326322469860315,-0.6913749957637981
2026-02-18,gold,1,0.02052503971543551,0.02052503971543551,0.0,0.02052503971543551,0.02052503971543551,0.18637648224830627,0.11921054869890213,0.6944129467010498,0.014226873409635027
2026-02-18,oil,2,0.9924306099324249,0.9924306099324249,0.0011214431389382166,0.9932235899806833,0.9916376298841666,0.9962083697319031,0.0007137995708035305,0.0030778561485931277,1.0902964637221495
2026-02-19,gold,1,-0.4239009334140673,-0.4239009334140673,0.0,-0.4239009334140673,-0.4239009334140673,0.014026027172803879,0.6512278318405151,0.33474618196487427,-0.29382573683268987
2026-02-19,oil,1,0.99014993628469,0.99014993628469,0.0,0.99014993628469,0.99014993628469,0.9950651526451111,0.0021631428971886635,0.002771747298538685,0.6863196366673423
2026-02-20,gold,1,-0.643421832518062,-0.643421832518062,0.0,-0.643421832518062,-0.643421832518062,0.0036787232384085655,0.8021442294120789,0.19417704641819,-0.445986029120608
2026-02-21,gold,1,-0.9471412390733145,-0.9471412390733145,0.0,-0.9471412390733145,-0.9471412390733145,0.01196272298693657,0.9732853174209595,0.014751921407878399,-0.656508279455721
2026-02-21,oil,1,0.993435370741146,0.993435370741146,0.0,0.993435370741146,0.993435370741146,0.9967130422592163,0.001244093058630824,0.002042834646999836,0.6885969262977493
2026-02-22,gold,1,0.1162477963267923,0.1162477963267923,0.0,0.1162477963267923,0.1162477963267923,0.3410135507583618,0.006513476837426424,0.6524730324745178,0.08057683227022285
2026-02-23,gold,3,0.1352510546440783,1.7477858992483164e-06,0.3520759972045638,0.5348971329140576,-0.1291457167677219,0.26079530792776495,0.12475362240123407,0.6144510606924692,0.18749777438860393
2026-02-23,oil,4,-0.483574070515741,-0.4775561862746634,0.5589845886199796,0.0008084718275425118,-0.9799923813411797,0.023584177892189473,0.5126623946707696,0.463753417134285,-0.7782824425581145
2026-02-24,gold,1,-0.9943539196145382,-0.9943539196145382,0.0,-0.9943539196145382,-0.9943539196145382,0.0005108910263516009,0.9971730709075928,0.002315990626811981,-0.6892336158595477
2026-02-24,oil,2,0.014972538503038757,0.014972538503038757,1.371227529932007,0.9845768234676404,-0.9546317464615629,0.4983139159157872,0.49034309783019125,0.011343051679432392,0.016449014791994804
2026-02-25,gold,2,0.27614075587960085,0.27614075587960085,0.3798884263780792,0.5447624382658272,0.007519073493374544,0.4127098247408867,0.015695096866693348,0.5715951025485992,0.30337162781143007
2026-02-25,oil,1,-0.9628386963951445,-0.9628386963951445,0.0,-0.9628386963951445,-0.9628386963951445,0.00358179840259254,0.981249988079071,0.015168227255344391,-0.6673889277403076
2026-02-26,gas,1,0.0001976535897742701,0.0001976535897742701,0.0,0.0001976535897742701,0.0001976535897742701,0.014066658914089203,0.000466034805867821,0.9854673147201538,0.00013700302847958736
2026-02-26,gold,3,0.66092812762746,0.9847884852880527,0.5724107363574007,0.9979868290832742,9.0685110529648e-06,0.6647909994547566,0.0005277854312832156,0.3346811961576653,0.9162409364354752
2026-02-26,oil,3,0.4295326500688432,0.9976782714793475,0.9843739405334556,0.9980441281324008,-0.7071244494052187,0.6868791555364927,0.2813269583954631,0.03179383211924384,0.5954586907073205
2026-02-27,gold,1,0.07867753676649158,0.07867753676649158,0.0,0.07867753676649158,0.07867753676649158,0.2951720356941223,0.09191840887069702,0.6129095554351807,0.05453511278309508
2026-02-27,oil,1,-0.9980519622863514,-0.9980519622863514,0.0,-0.9980519622863514,-0.9980519622863514,0.00038581504486501217,0.9990255832672119,0.0005886065773665905,-0.6917969037111054
2026-02-28,oil,2,0.49809683465103954,0.49809683465103954,0.7035903158152529,0.9956103181411894,0.0005833511608897002,0.5118350721895695,0.0050784753693733364,0.48308643174823374,0.5472153034943196
2026-03-01,gold,1,-0.014013644407373987,-0.014013644407373987,0.0,-0.014013644407373987,-0.014013644407373987,0.006770980078727007,0.11857268959283829,0.8746562600135803,-0.009713518110340925
2026-03-01,oil,4,-0.20482083119096336,-0.4046051080186239,0.8960919158425161,0.9752364160007392,-0.9853095247273448,0.2602224429138005,0.47376222606544616,0.26601534453220665,-0.32964641097500136
2026-03-02,gold,2,0.49860119665941444,0.49860119665941444,0.7052254782143497,0.9972709145703069,-6.852125147807642e-05,0.5026402331423014,0.005517460740520619,0.49184231614344753,0.5477694017946576
2026-03-02,oil,9,-0.44615640959401554,-0.9956866461961522,0.8471372665541306,0.9973089326422414,-0.9971806837603654,0.23467711230235486,0.7109404802548751,0.05438241618685424,-1.0273130978749259
2026-03-03,gas,1,-0.9514915863639335,-0.9514915863639335,0.0,-0.9514915863639335,-0.9514915863639335,0.003653153544291854,0.9754511713981628,0.020895732566714287,-0.6595237104146702
2026-03-03,gold,2,0.9618696138651828,0.9618696138651828,0.010493965489517787,0.9692899680243584,0.9544492597060071,0.9807437062263489,0.0013814673002343625,0.017874842509627342,1.0567217778887394
2026-03-03,oil,11,-0.44641690010351626,-0.9151093145944846,0.7109085313972532,0.9936884088464035,-0.9939031020773277,0.17399608971953223,0.658294429695657,0.16770948971283028,-1.1093043236449731
2026-03-04,gold,1,0.9925587541145792,0.9925587541145792,0.0,0.9925587541145792,0.9925587541145792,0.9962730407714844,0.001084730727598071,0.0026422697119414806,0.6879893019546125
2026-03-04,oil,8,-0.5555851811036705,-0.9779967345187969,0.7301182570330571,0.8664952271806124,-0.9971616652152926,0.19885323504422558,0.7680092097725719,0.03313756446004845,-1.2207454147247794
2026-03-05,gas,1,0.9317638393207077,0.9317638393207077,0.0,0.9317638393207077,0.9317638393207077,0.9652794003486633,0.0006436321418732405,0.03407703712582588,0.6458494781728584
2026-03-05,gold,3,0.6635503374681051,0.9935420276840738,0.5744756304775405,0.9969031286619308,0.00020585605831068953,0.669854961335659,0.00028677861458466697,0.3298582621306802,0.9198760911512346
2026-03-05,oil,7,-0.3243582592910922,-0.38931190708784524,0.700049976983084,0.988718929497087,-0.9945001885419789,0.21446076309907117,0.5752309677523694,0.21030829401154602,-0.6744840387568567
2026-03-06,gold,2,0.000843360664647741,0.000843360664647741,1.4096339997201408,0.9976051208578752,-0.9959183995285797,0.49955887245596386,0.499170613969909,0.0012704910768661648,0.0009265263899613129
2026-03-06,oil,4,-0.09783535331394838,-0.18346298987356469,1.0469900844708486,0.972499080408004,-0.9969145139166682,0.44534509762888774,0.5110564189963043,0.043598466843832284,-0.1574599267998537
2026-03-07,gold,1,0.33095462004925835,0.33095462004925835,0.0,0.33095462004925835,0.33095462004925835,0.5793957114219666,0.06888210028409958,0.35172224044799805,0.22940026178043138
2026-03-07,oil,1,0.9961138272922317,0.9961138272922317,0.0,0.9961138272922317,0.9961138272922317,0.998055100440979,0.00037732443888671696,0.001567589002661407,0.6904534909043867
2026-03-08,oil,2,-0.49841237577486136,-0.49841237577486136,0.7060298982878855,0.0008261530249509264,-0.9976509045746736,0.014990958763519302,0.5026864968240261,0.4823225451109465,-0.5475619608505304
2026-03-09,gold,1,-0.9876860798903463,-0.9876860798903463,0.0,-0.9876860798903463,-0.9876860798903463,0.0004982370883226395,0.9938241243362427,0.005677700974047184,-0.6846118215542984
2026-03-09,oil,18,-0.6911009989483187,-0.9898163582380733,0.5267312689483973,0.6970240562034746,-0.9968340339969372,0.06271465254637103,0.7547977149644995,0.18248763957914585,-2.0349047198442944
2026-03-10,gas,1,-0.9967396899958814,-0.9967396899958814,0.0,-0.9967396899958814,-0.9967396899958814,0.0003814238589257002,0.9983685612678528,0.001249963417649269,-0.6908873058728391
2026-03-10,gold,1,0.8593888090740796,0.8593888090740796,0.0,0.8593888090740796,0.8593888090740796,0.9291418194770813,0.06257527321577072,0.008282961323857307,0.5956829300144674
2026-03-10,oil,10,-0.20253048964587322,-0.32574697291716315,0.7844323356190557,0.981102626952071,-0.9964897295746169,0.27648919201164973,0.5474886618554592,0.17602214409271255,-0.48564690371937874
2026-03-11,oil,13,0.10968736976373217,-0.010509119089961022,0.7741420896793498,0.9973228792596797,-0.9807585231398516,0.39015000997684324,0.34944035543146756,0.2604096247904146,0.2894712571411964
2026-03-12,gas,1,-0.9111063274560636,-0.9111063274560636,0.0,-0.9111063274560636,-0.9111063274560636,0.007833600975573063,0.9545510411262512,0.03761535510420799,-0.6315307820664967
2026-03-12,oil,12,-0.336218625549731,-0.966525184200665,0.8546637978163656,0.9941894896810555,-0.9973724579161494,0.2899338549274641,0.6085638558336844,0.10150228862767108,-0.8623837475703835
2026-03-13,oil,12,-0.3537682570786835,-0.32033244732034794,0.6043356721612938,0.9966494981204616,-0.9899819429952682,0.15057998679791731,0.5654824456263062,0.28393756911585416,-0.9073976636842569
2026-03-14,oil,6,-0.35985664592547933,-0.4704630928552058,0.7301477937873104,0.7652279439426681,-0.9955555966715308,0.15771878445715024,0.5108243301510811,0.3314568873805304,-0.7002486995113946
2026-03-15,oil,4,0.2735260493347328,0.49163465298024966,0.90267158939996,0.9964010977826416,-0.8855662064042099,0.501204788684845,0.23551724177377764,0.2632779975538142,0.4402231938376391
2026-03-16,gas,1,0.9977665173761301,0.9977665173761301,0.0,0.9977665173761301,0.9977665173761301,0.9988827109336853,0.00035603149444796145,0.0007612836780026555,0.6915990483763802
2026-03-16,oil,9,-0.4140127848989879,-0.9805876656307397,0.7396794155865046,0.9963095801181099,-0.9932598516354859,0.17026770764884228,0.5713116608741176,0.2584206232568249,-0.95329966681736
2026-03-17,gas,1,0.9327015622657019,0.9327015622657019,0.0,0.9327015622657019,0.9327015622657019,0.9657763838768005,0.004745242651551962,0.029478315263986588,0.6464994581883275
2026-03-17,gold,2,0.684196548991198,0.684196548991198,0.4090594661244941,0.9734452713963766,0.39494782658601935,0.8300078511238098,0.12114255750202574,0.048849618062376976,0.7516667365860425
2026-03-17,oil,6,-0.3444160575155959,-0.9641318010277345,0.9826495228119239,0.9922106432969632,-0.9935321615620727,0.32088202582478215,0.6645829688835269,0.014534972297648588,-0.6702027018172165
2026-03-18,gas,1,-0.7982871484321283,-0.7982871484321283,0.0,-0.7982871484321283,-0.7982871484321283,0.0019430828979238868,0.8934713006019592,0.104585662484169,-0.5533304862129683
2026-03-18,gold,2,0.4976970723788229,0.4976970723788229,0.697010537006194,0.9905579496543797,0.00483619510326605,0.5327057503163815,0.004729224310722202,0.46256500435993075,0.5467761197495165
2026-03-18,oil,1,0.9916093742677906,0.9916093742677906,0.0,0.9916093742677906,0.9916093742677906,0.9957960844039917,0.000681239296682179,0.003522679675370455,0.6873312419905306
2026-03-19,gas,1,-0.9958617811453084,-0.9958617811453084,0.0,-0.9958617811453084,-0.9958617811453084,0.00039842244586907327,0.9979288578033447,0.0016727852635085583,-0.6902787858282758
2026-03-19,gold,1,0.9891372748057133,0.9891372748057133,0.0,0.9891372748057133,0.9891372748057133,0.9945540428161621,0.0006752129993401468,0.004770757630467415,0.685617713218328
2026-03-19,oil,9,0.26513891526299166,0.28499842775631634,0.8013712791666088,0.9975419897168124,-0.9961135048811278,0.546080674633332,0.23698534737923183,0.2169339811274161,0.6105049138571761
2026-03-20,gold,1,-0.9914747142955571,-0.9914747142955571,0.0,-0.9914747142955571,-0.9914747142955571,0.00035504953120835125,0.9957283139228821,0.003916671499609947,-0.6872379028104427
2026-03-20,oil,6,-0.010395508440712057,0.054288632738206916,0.7814883931127503,0.9923212888675732,-0.9958564895356389,0.35863512160722166,0.35217074465860304,0.2891941171643945,-0.020228725379371766
2026-03-21,oil,2,0.9207526249663143,0.9207526249663143,0.10664280941406325,0.9961604786677829,0.8453447712648455,0.959435760974884,0.02524402465496678,0.015320227888878435,1.0115501486114122
2026-03-22,oil,2,-0.9885326045317482,-0.9885326045317482,0.0106548302769174,-0.9809985017905481,-0.9960667072729482,0.002246419171569869,0.9942466020584106,0.0035069769946858287,-1.0860140670876715
2026-03-23,gas,1,-0.99618417570301,-0.99618417570301,0.0,-0.99618417570301,-0.99618417570301,0.0003252946480643004,0.9980903267860413,0.0015843975124880672,-0.6905022527069745
2026-03-23,gold,3,-0.3318807424753406,-0.9964416510074221,1.1513755023827579,0.9976131526474752,-0.9968137290660749,0.3331500406590446,0.6657222631038167,0.0011276952379072707,-0.4600844018578472
2026-03-23,oil,3,-0.09652744955763733,5.057334171793687e-06,0.854708427568944,0.7058164324241193,-0.9954038384312031,0.2812580210447777,0.3464860506840826,0.37225590537612635,-0.1338154590150373
2026-03-24,gas,1,0.9974720217071977,0.9974720217071977,0.0,0.9974720217071977,0.9974720217071977,0.998735249042511,0.00031774595845490694,0.0009469799697399139,0.6913949195337726
2026-03-24,gold,2,-0.9705727988880978,-0.9705727988880978,0.034448819720710185,-0.9462138048597107,-0.9949317929164848,0.01166227288194932,0.9852339327335358,0.0031037983717396855,-1.0662832039054662
2026-03-24,oil,3,0.1251850599655949,0.18240148880066975,0.10838645209834652,0.19297359446620188,0.00018009662991304645,0.34859247754017514,0.17656909660824263,0.47483842571576435,0.17354334272675956
2026-03-25,gold,1,0.984970743545757,0.984970743545757,0.0,0.984970743545757,0.984970743545757,0.9924581050872803,0.0015030410140752792,0.006038942374289036,0.6827296938227744
2026-03-25,oil,5,-0.636779369875561,-0.9723204823493631,0.4817089563883653,-0.010198770986216132,-0.9974020994926288,0.010799940017750486,0.7098945900797844,0.2793054771143943,-1.1409554657836105
2026-03-26,gold,3,0.0028535592140015442,1.6823528779325025e-05,0.9170766474236312,0.9213452839631124,-0.9128014298498871,0.3219825150833155,0.32188816760511446,0.3561293085416158,0.003955873047492048
2026-03-26,oil,5,-0.17467663031644168,-0.8398814692719803,1.0566171056863516,0.9862881587767129,-0.9976104944778597,0.4064466869982425,0.5838534450158477,0.009699813416227698,-0.3129785064223327
2026-03-27,gold,4,-0.051414720794724006,-0.10435942989779623,1.0754776606678207,0.9959512546416249,-0.9928912780249285,0.46727150736842304,0.4950302530123736,0.03769820340676233,-0.08274880090424273
2026-03-28,oil,1,0.9971923574070781,0.9971923574070781,0.0,0.9971923574070781,0.9971923574070781,0.9985952973365784,0.0004724492027889937,0.0009322406840510666,0.6912010710126415
2026-03-29,gold,1,-0.22534066651668827,-0.22534066651668827,0.0,-0.22534066651668827,-0.22534066651668827,0.03122290037572384,0.47572630643844604,0.493050754070282,-0.15619424766154133
2026-03-29,oil,1,-0.9966528583913383,-0.9966528583913383,0.0,-0.9966528583913383,-0.9966528583913383,0.0006127286469563842,0.9983251690864563,0.001062011462636292,-0.6908271187909666
2026-03-30,gold,2,-0.11313724289914184,-0.11313724289914184,1.2012469442038263,0.736272617227002,-0.9625471030252857,0.43135305895702913,0.5281875096261501,0.040459418669342995,-0.12429396535502607
2026-03-30,oil,6,0.2606827686408902,0.45410627781118884,0.8263309257987066,0.9874310892689727,-0.996197406882845,0.5329283522344971,0.27000068756751716,0.19707096965673068,0.5072652451821463
2026-03-31,gold,1,-0.9963842928660496,-0.9963842928660496,0.0,-0.9963842928660496,-0.9963842928660496,0.00032989378087222576,0.9981905817985535,0.001479560392908752,-0.690640963354317
2026-03-31,oil,4,-0.007862280526599014,-0.23701480922453688,0.699992568088549,0.9899699575451654,-0.5473894612024877,0.27146361116319895,0.4011240046529565,0.32741237222217023,-0.012653852357700794
